"scheme","target","model","Environment","PA_within_old","PA_across_old","PA_within_new","PA_across_new","d_within","d_across"
"CV1","Group_adjusted","M2","ABR33",0.0149896643724382,0.538928206001841,-0.0179995072742624,0.535083135651835,-0.0329891716467006,-0.00384507035000592
"CV1","Group_adjusted","M2","JKI",0.209569268965805,0.54021528078275,0.178585898063974,0.532836037194827,-0.0309833709018311,-0.00737924358792386
"CV1","Group_adjusted","M3","ABR33",0.14503409722373,0.557317345266944,0.12406447600927,0.553851720383288,-0.0209696212144609,-0.00346562488365609
"CV1","Group_adjusted","M3","JKI",0.274805774164284,0.560473911921823,0.255120915148235,0.553938626039698,-0.0196848590160493,-0.00653528588212482
"CV1","Raw","M2","ABR33",0.162788412277786,0.5007630981243,0.132853293725993,0.479915278424043,-0.029935118551793,-0.0208478197002565
"CV1","Raw","M2","JKI",0.226299222656399,0.33075857827945,0.206984253282566,0.298608768876192,-0.019314969373833,-0.0321498094032586
"CV1","Raw","M3","ABR33",0.197960964391702,0.502897102988798,0.178123666171521,0.485345434363009,-0.0198372982201808,-0.0175516686257891
"CV1","Raw","M3","JKI",0.313324416582987,0.534141507260533,0.293795992079911,0.51477902856293,-0.0195284245030757,-0.0193624786976031
"CV2","Group_adjusted","M2","ABR33",0.347428948924126,0.614636384134196,0.340055766510077,0.612012825926645,-0.00737318241404877,-0.00262355820755045
"CV2","Group_adjusted","M2","JKI",0.41439682148653,0.590475025158413,0.409440067119918,0.58851151064835,-0.00495675436661214,-0.00196351451006294
"CV2","Group_adjusted","M3","ABR33",0.389636251397778,0.627030137758561,0.384934823018089,0.624761748249804,-0.00470142837968923,-0.00226838950875741
"CV2","Group_adjusted","M3","JKI",0.432821399263302,0.609850370946741,0.428861205315575,0.607933828762017,-0.00396019394772634,-0.0019165421847237
"CV2","Raw","M2","ABR33",0.431742483275979,0.627796895117447,0.42412081629671,0.62442568097779,-0.00762166697926819,-0.00337121413965724
"CV2","Raw","M2","JKI",0.438198626891391,0.537988170433705,0.434983456509376,0.534256857878568,-0.00321517038201447,-0.00373131255513748
"CV2","Raw","M3","ABR33",0.426799434625405,0.633846448132607,0.424428020767558,0.627806771261326,-0.00237141385784789,-0.00603967687128126
"CV2","Raw","M3","JKI",0.452384209132789,0.590035965082199,0.449117554676249,0.587029716293736,-0.00326665445654045,-0.00300624878846301
