"model","CV","Environment","corrected","original","diff"
"M2","CV1","Aber-2015",0.586012166586306,0.591714635686223,-0.00570246909991712
"M2","CV1","Aber-2016",0.456889250999168,0.464580282672578,-0.00769103167341034
"M2","CV1","Brau-2014",0.417072658117641,0.417999658636821,-0.000927000519180488
"M2","CV1","Brau-2015",0.48183465677187,0.486477574358075,-0.00464291758620433
"M2","CV1","Brau-2016",0.382921399550441,0.390475923512131,-0.00755452396168965
"M2","CV2","Aber-2015",0.757015885777276,0.757131269470576,-0.000115383693299664
"M2","CV2","Aber-2016",0.723671287272989,0.724888524600915,-0.001217237327926
"M2","CV2","Brau-2014",0.498606620892629,0.4968611628891,0.00174545800352899
"M2","CV2","Brau-2015",0.705477820752473,0.70688592314691,-0.00140810239443756
"M2","CV2","Brau-2016",0.536651386678378,0.539412846074371,-0.0027614593959927
"M3","CV1","Aber-2015",0.6153512654427,0.61969827876158,-0.00434701331888032
"M3","CV1","Aber-2016",0.494795985577866,0.501939522574602,-0.00714353699673603
"M3","CV1","Brau-2014",0.595371871217148,0.588187970305832,0.00718390091131671
"M3","CV1","Brau-2015",0.514207757083325,0.521051323152396,-0.00684356606907133
"M3","CV1","Brau-2016",0.413348224728417,0.418354102881432,-0.00500587815301529
"M3","CV2","Aber-2015",0.787311374290618,0.788317796021017,-0.00100642173039922
"M3","CV2","Aber-2016",0.708125029837319,0.709052103238693,-0.000927073401374545
"M3","CV2","Brau-2014",0.620701263883495,0.617296368556723,0.00340489532677268
"M3","CV2","Brau-2015",0.724742337425696,0.721187340489761,0.00355499693593542
"M3","CV2","Brau-2016",0.559292129561195,0.561791944562762,-0.00249981500156671
