"trait","Trial","term","component","std.error","z.ratio","bound","X.ch"
"MC","ABR33","Year:Block",9.32940138984992,7.00250441344435,1.33229496748879,"P",0
"MC","ABR33","Year:Col",3.93945986194994,1.83772377625288,2.14366267273447,"P",0
"MC","ABR33","Year:Row",6.34125993776053e-06,NA,NA,"B",NA
"MC","ABR33","Genotype:Year",5.76276317121521,3.15152284761422,1.82856461776178,"P",0
"MC","ABR33","Plot",8.6007178951576,3.43266652911875,2.50555007956617,"P",0
"MC","ABR33","Year_2015!R",48.8210097323782,6.28090516369118,7.77292579015584,"P",0
"MC","ABR33","Year_2016!R",19.5650273491602,4.11790862302592,4.75120483241403,"P",0
"MC","JKI","Year:Block",0.0956294066550422,0.192288432535114,0.497322721883333,"P",0
"MC","JKI","Plot",1.24897442270131,1.08139047431856,1.15497080135494,"P",0
"MC","JKI","Genotype:Year",21.1008614338286,3.37946156861588,6.24385305333442,"P",0
"MC","JKI","Year_2014!R",28.4542854270075,3.63347877942974,7.83114121598731,"P",0
"MC","JKI","Year_2015!R",5.9809911763386,1.28354570979489,4.65974147293466,"P",0
"MC","JKI","Year_2016!R",33.9764002740712,5.43255968490582,6.25421573709967,"P",0
