"Genotype","Environment","trait","BLUE","SE","converged"
"Mb-102","ABR33","MC",37.0437845214186,3.14795070268475,TRUE
"Mb-1037_52","ABR33","MC",12.9130845661718,8.02957572449548,TRUE
"Mb-104","ABR33","MC",26.7893665328659,3.1497396454905,TRUE
"Mb-1040_17","ABR33","MC",27.383206892428,4.34244615919424,TRUE
"Mb-1043_32","ABR33","MC",24.6204184895407,3.50044858522526,TRUE
"Mb-1044_50","ABR33","MC",18.5772465815183,5.09336927735581,TRUE
"Mb-1056_31","ABR33","MC",19.6336822986939,3.140189599502,TRUE
"Mb-1067_18","ABR33","MC",39.6538957794528,3.73061293209581,TRUE
"Mb-1086_54","ABR33","MC",37.3363512425449,3.14243214493212,TRUE
"Mb-109","ABR33","MC",35.9414004426245,3.72949706962204,TRUE
"Mb-110","ABR33","MC",46.2491357031577,3.16261165473776,TRUE
"Mb-111","ABR33","MC",27.5917524127443,3.16224053504053,TRUE
"Mb-113","ABR33","MC",26.3808554532054,3.74370144916789,TRUE
"Mb-1130_51","ABR33","MC",26.2495494330249,3.2113591385405,TRUE
"Mb-1132_52","ABR33","MC",21.423057840338,3.1446976166388,TRUE
"Mb-1139_19","ABR33","MC",44.7826445836814,3.16545108984826,TRUE
"Mb-1147_12","ABR33","MC",25.8056724610284,3.20178746955367,TRUE
"Mb-115","ABR33","MC",29.3700666165931,3.74426693873885,TRUE
"Mb-1153_20","ABR33","MC",49.0785782805731,3.73105043553435,TRUE
"Mb-1155_33","ABR33","MC",34.0078893437315,3.75924506741104,TRUE
"Mb-1156_13","ABR33","MC",50.7505323240002,3.15152354380969,TRUE
"Mb-1162_20","ABR33","MC",17.7348989743555,3.42390173496652,TRUE
"Mb-1182_16","ABR33","MC",53.9014180486324,5.11815583921186,TRUE
"Mb-1205_12","ABR33","MC",30.8036202491947,3.13921319131948,TRUE
"Mb-1231_18","ABR33","MC",44.6595667920601,3.72526329104262,TRUE
"Mb-1238_1","ABR33","MC",30.1777910920536,3.16278891413562,TRUE
"Mb-1261_15","ABR33","MC",18.9521893685169,4.35041231390513,TRUE
"Mb-1353_14","ABR33","MC",24.0866547277216,3.40329148312327,TRUE
"Mb-14","ABR33","MC",28.7584244912316,3.76953163697154,TRUE
"Mb-140","ABR33","MC",23.8464771683351,3.73214400390553,TRUE
"Mb-142","ABR33","MC",19.1490421008153,3.14525284214705,TRUE
"Mb-144","ABR33","MC",24.7605046833221,4.31593123997838,TRUE
"Mb-146","ABR33","MC",33.5497753146645,3.15115589201717,TRUE
"Mb-147","ABR33","MC",26.3403346272071,3.17669749645503,TRUE
"Mb-148","ABR33","MC",31.1621770361609,3.14663251203489,TRUE
"Mb-1485_42","ABR33","MC",30.028342926574,3.14658064652328,TRUE
"Mb-1486_1","ABR33","MC",28.4830490810913,3.15080652809671,TRUE
"Mb-149","ABR33","MC",27.6896906748794,2.82764371917159,TRUE
"Mb-166","ABR33","MC",44.5682724030531,3.4144279978984,TRUE
"Mb-167","ABR33","MC",45.3568569828291,3.14393183143482,TRUE
"Mb-177","ABR33","MC",19.6822906704871,3.18206794847246,TRUE
"Mb-188","ABR33","MC",28.5323086113176,3.74507799891475,TRUE
"Mb-2","ABR33","MC",24.6527304193528,3.72778117567812,TRUE
"Mb-221","ABR33","MC",39.1919401843922,4.32460849211047,TRUE
"Mb-226","ABR33","MC",30.6351126051175,4.34641007882637,TRUE
"Mb-229","ABR33","MC",28.6781064256211,3.3193876695104,TRUE
"Mb-255","ABR33","MC",22.9422669877629,3.41076102598666,TRUE
"Mb-272","ABR33","MC",21.8321785827522,4.35369171259001,TRUE
"Mb-297","ABR33","MC",23.3813838127179,3.74820509080225,TRUE
"Mb-3","ABR33","MC",36.6211819812205,3.16761991888355,TRUE
"Mb-306","ABR33","MC",26.3754160303021,3.15664396709286,TRUE
"Mb-307","ABR33","MC",26.8987463775713,3.73928008718432,TRUE
"Mb-308","ABR33","MC",43.0793311076769,3.37990646030203,TRUE
"Mb-309","ABR33","MC",37.2683343040738,3.18693415725383,TRUE
"Mb-31","ABR33","MC",26.0999334534948,3.73542142418681,TRUE
"Mb-310","ABR33","MC",36.9129948864875,4.0071911332665,TRUE
"Mb-35","ABR33","MC",24.2172629781669,3.76073238281899,TRUE
"Mb-353","ABR33","MC",19.4580541933844,8.0721444798083,TRUE
"Mb-37","ABR33","MC",47.8492740383757,5.10332309561526,TRUE
"Mb-383_1","ABR33","MC",27.4791047705695,3.18894130224691,TRUE
"Mb-391","ABR33","MC",23.5649410429987,3.16523724121903,TRUE
"Mb-393_1","ABR33","MC",22.0548094533441,3.71562420029029,TRUE
"Mb-397","ABR33","MC",28.5135529987284,3.74105425251797,TRUE
"Mb-399","ABR33","MC",24.3800762363111,5.97843411443751,TRUE
"Mb-401","ABR33","MC",20.2675552561519,8.07214448124602,TRUE
"Mb-411","ABR33","MC",26.1954181522366,3.39876249249499,TRUE
"Mb-416","ABR33","MC",24.4066656950282,3.7604331813679,TRUE
"Mb-425_1","ABR33","MC",23.6317403212288,3.40893772024281,TRUE
"Mb-427_1","ABR33","MC",22.7176415350096,3.4058802333161,TRUE
"Mb-431_1","ABR33","MC",25.0257081725225,3.74021421562794,TRUE
"Mb-434_1","ABR33","MC",23.3294658802016,3.74021420652905,TRUE
"Mb-485_1","ABR33","MC",28.6366652391999,3.18941947998311,TRUE
"Mb-486","ABR33","MC",19.63178206649,4.31526130894882,TRUE
"Mb-488_15","ABR33","MC",24.2994106275277,3.83976692840732,TRUE
"Mb-490_10","ABR33","MC",28.2672219649541,3.86613676479266,TRUE
"Mb-494_1","ABR33","MC",22.0898971474851,3.87235039480381,TRUE
"Mb-498_1","ABR33","MC",49.6683699363769,3.14409993571631,TRUE
"Mb-502_1","ABR33","MC",39.0843801966253,3.14408423135299,TRUE
"Mb-505_1","ABR33","MC",31.9554849436228,3.14579863792971,TRUE
"Mb-508","ABR33","MC",26.7834924585282,3.87834053749007,TRUE
"Mb-526_13","ABR33","MC",19.3749226386398,3.72311171111569,TRUE
"Mb-527_1","ABR33","MC",18.6524748597193,3.73910427191246,TRUE
"Mb-533_1","ABR33","MC",30.6602731802411,3.16159569281419,TRUE
"Mb-539_1","ABR33","MC",23.4610188080613,3.16761990763811,TRUE
"Mb-585_1","ABR33","MC",21.1812018003836,5.11463767880238,TRUE
"Mb-628_1","ABR33","MC",26.6754224988415,3.16545108435602,TRUE
"Mb-70","ABR33","MC",42.6734714471578,5.11813477373207,TRUE
"Mb-72","ABR33","MC",44.0352990707928,3.20638342758769,TRUE
"Mb-74","ABR33","MC",28.5982520101147,3.14800311676847,TRUE
"Mb-76","ABR33","MC",31.7998102738072,3.75121383746888,TRUE
"Mb-770_18","ABR33","MC",18.8981630697962,3.73318976629022,TRUE
"Mb-779_14","ABR33","MC",27.9574554392115,3.16130098854536,TRUE
"Mb-787_13","ABR33","MC",28.311114527974,3.74018953699419,TRUE
"Mb-810_11","ABR33","MC",21.0520793904964,3.39854110302907,TRUE
"Mb-819_19","ABR33","MC",22.3615080335642,3.14250181697588,TRUE
"Mb-851_1","ABR33","MC",54.6516609121276,5.11678177914122,TRUE
"Mb-86","ABR33","MC",32.198604179131,3.74056007753166,TRUE
"Mb-884_1","ABR33","MC",22.5082596276801,3.16452696438527,TRUE
"Mb-893_11","ABR33","MC",49.2724681015524,3.74663663904211,TRUE
"Mb-9","ABR33","MC",20.8444406687403,3.14303812274135,TRUE
"Mb-910_11","ABR33","MC",42.6171255971857,3.7466366207426,TRUE
"Mb-913_17","ABR33","MC",22.10684177904,3.20091266789376,TRUE
"Mb-914_13","ABR33","MC",46.4486828717031,3.72375889440013,TRUE
"Mb-928_18","ABR33","MC",41.5307009285068,3.13486848399795,TRUE
"Mb-930","ABR33","MC",48.2710839629039,3.72775699802439,TRUE
"Mb-931_12","ABR33","MC",34.6615348635726,3.7455788191937,TRUE
"Mb-933_11","ABR33","MC",38.7903204294588,3.72927615145878,TRUE
"Mb-935_13","ABR33","MC",26.7096961581802,3.73217711147583,TRUE
"Mb-94","ABR33","MC",27.0410328543239,3.73427551164992,TRUE
"Mb-956_19","ABR33","MC",22.1782644102238,3.41404099200982,TRUE
"Mb-958_19","ABR33","MC",24.4870554320529,5.08941032752353,TRUE
"Mb-960_20","ABR33","MC",48.192359082117,5.13809009613644,TRUE
"Mb-961_16","ABR33","MC",18.6338029304868,3.72927900015328,TRUE
"Mb-965_15","ABR33","MC",24.6469706098562,3.40445808024109,TRUE
"Mb-969_18","ABR33","MC",29.3409766572427,3.86630602240914,TRUE
"Mb-974_19","ABR33","MC",34.5526874383092,3.14764336978313,TRUE
"Mb-99","ABR33","MC",33.0045498126307,3.74361359299307,TRUE
"Mx-1548_12","ABR33","MC",25.2204468132233,3.7244008429164,TRUE
"Mx-1915_12","ABR33","MC",26.2796023253023,3.18845056567142,TRUE
"Mx-1932_13","ABR33","MC",25.6100536747508,3.14795071499779,TRUE
"Mx-1933_11","ABR33","MC",24.6053291875123,3.14521141413436,TRUE
"Mx-1956_15","ABR33","MC",23.6942687263318,3.15232691094407,TRUE
"Mx-2446_1","ABR33","MC",46.0153911355667,3.73826803398539,TRUE
"Mx-2470_5","ABR33","MC",20.8328278432013,3.74021416633995,TRUE
"Mx-437_90","ABR33","MC",25.2231009045337,3.14353966250489,TRUE
"Mb-102","JKI","MC",26.1067647740703,2.23842318784876,TRUE
"Mb-1037_52","JKI","MC",15.571829544099,2.43307991509266,TRUE
"Mb-104","JKI","MC",27.0823001994777,2.00509940708077,TRUE
"Mb-1040_17","JKI","MC",20.3601438602861,2.830204671639,TRUE
"Mb-1043_32","JKI","MC",16.1390649858316,3.15652359211153,TRUE
"Mb-1044_50","JKI","MC",15.2183798101783,2.57627903309997,TRUE
"Mb-1056_31","JKI","MC",13.5615659243671,2.830204671639,TRUE
"Mb-1067_18","JKI","MC",25.1279531564875,2.830204671639,TRUE
"Mb-1086_54","JKI","MC",24.8394554042167,2.00509940708077,TRUE
"Mb-109","JKI","MC",33.9342986920628,2.00509940708077,TRUE
"Mb-110","JKI","MC",34.9821086319882,2.00509940708077,TRUE
"Mb-111","JKI","MC",22.9811119823682,2.00509940708077,TRUE
"Mb-113","JKI","MC",21.9392539912653,2.00509940708077,TRUE
"Mb-1130_51","JKI","MC",21.6117078648332,2.00509940708077,TRUE
"Mb-1132_52","JKI","MC",15.7354168204031,2.830204671639,TRUE
"Mb-1147_12","JKI","MC",22.1740343221487,2.43307991509266,TRUE
"Mb-115","JKI","MC",17.277040447597,2.00509940708077,TRUE
"Mb-1153_20","JKI","MC",28.6841200699099,1.45174813603597,TRUE
"Mb-1155_33","JKI","MC",19.8070200433702,3.44077474482246,TRUE
"Mb-1156_13","JKI","MC",37.5464440015558,2.00509940708077,TRUE
"Mb-1162_20","JKI","MC",16.4987180827618,2.830204671639,TRUE
"Mb-1182_16","JKI","MC",30.3625467161083,2.23842318784787,TRUE
"Mb-1205_12","JKI","MC",14.9774240533398,2.00509940708077,TRUE
"Mb-1231_18","JKI","MC",33.4680265896277,2.00509940708077,TRUE
"Mb-1238_1","JKI","MC",17.5941749528818,2.23842318784787,TRUE
"Mb-1261_15","JKI","MC",15.83537799096,2.830204671639,TRUE
"Mb-1353_14","JKI","MC",15.9243674971039,2.43307991509266,TRUE
"Mb-14","JKI","MC",20.5005437852787,2.00509940708077,TRUE
"Mb-140","JKI","MC",17.1433258195327,2.23911170571439,TRUE
"Mb-142","JKI","MC",16.794519655181,2.00509940708077,TRUE
"Mb-144","JKI","MC",22.5723498196368,2.00509940708077,TRUE
"Mb-146","JKI","MC",18.5013953179068,2.00509940708077,TRUE
"Mb-147","JKI","MC",22.8385125408583,2.48013616898013,TRUE
"Mb-148","JKI","MC",24.3945217119867,2.00509940708077,TRUE
"Mb-1485_42","JKI","MC",23.702712486168,2.00509940708077,TRUE
"Mb-1486_1","JKI","MC",17.8972672478703,2.00509940708077,TRUE
"Mb-149","JKI","MC",27.9646941164877,2.00509940708077,TRUE
"Mb-166","JKI","MC",30.9644209219347,2.00509940708077,TRUE
"Mb-167","JKI","MC",34.5125111059039,2.00509940708077,TRUE
"Mb-177","JKI","MC",17.4916050349458,2.00509940708077,TRUE
"Mb-188","JKI","MC",25.9942749745626,2.00509940708077,TRUE
"Mb-2","JKI","MC",25.7056768561965,2.00509940708077,TRUE
"Mb-221","JKI","MC",24.3491403892143,2.23842318784787,TRUE
"Mb-226","JKI","MC",18.1249390484171,2.00509940708077,TRUE
"Mb-229","JKI","MC",19.5039181415512,2.15297859102257,TRUE
"Mb-255","JKI","MC",18.020672912586,2.74569364937377,TRUE
"Mb-272","JKI","MC",20.1877739582427,2.00509940708076,TRUE
"Mb-297","JKI","MC",18.9261068777991,2.00509940708077,TRUE
"Mb-3","JKI","MC",24.554340062676,2.74569570781779,TRUE
"Mb-306","JKI","MC",20.2956110423849,2.00509940708077,TRUE
"Mb-307","JKI","MC",24.5567852881712,2.00509940708076,TRUE
"Mb-308","JKI","MC",29.9287239563093,2.74569570781779,TRUE
"Mb-309","JKI","MC",29.1168349643691,2.00509940708076,TRUE
"Mb-31","JKI","MC",22.0234228950191,2.00509940708076,TRUE
"Mb-310","JKI","MC",29.1864799116307,2.00509940708076,TRUE
"Mb-35","JKI","MC",21.5711029444982,2.00509940708076,TRUE
"Mb-353","JKI","MC",16.383064890239,2.00509940708077,TRUE
"Mb-37","JKI","MC",32.621180696247,2.00509940708077,TRUE
"Mb-383_1","JKI","MC",23.2168234007551,2.00509940708077,TRUE
"Mb-391","JKI","MC",20.4363868994225,2.00509940708077,TRUE
"Mb-393_1","JKI","MC",23.6890971523457,2.00509940708077,TRUE
"Mb-397","JKI","MC",24.7364305925541,2.00509940708077,TRUE
"Mb-399","JKI","MC",16.6057148110426,2.74569364937377,TRUE
"Mb-401","JKI","MC",24.3544751221548,2.00509940708077,TRUE
"Mb-411","JKI","MC",23.6416686820701,2.830204671639,TRUE
"Mb-416","JKI","MC",27.7372493019948,3.44086750185678,TRUE
"Mb-425_1","JKI","MC",19.2751265102052,2.830204671639,TRUE
"Mb-427_1","JKI","MC",16.6537311962534,3.44077474482246,TRUE
"Mb-431_1","JKI","MC",18.9826348586976,2.830204671639,TRUE
"Mb-434_1","JKI","MC",13.1323131050157,2.830204671639,TRUE
"Mb-485_1","JKI","MC",17.0777008685802,2.830204671639,TRUE
"Mb-486","JKI","MC",18.0615673508859,2.830204671639,TRUE
"Mb-488_15","JKI","MC",17.0549767929413,2.830204671639,TRUE
"Mb-490_10","JKI","MC",16.4978766574843,2.43307991509265,TRUE
"Mb-494_1","JKI","MC",15.6701228881825,2.23842318784786,TRUE
"Mb-498_1","JKI","MC",24.5533753394821,2.23842318784786,TRUE
"Mb-502_1","JKI","MC",20.3657931416546,2.830204671639,TRUE
"Mb-505_1","JKI","MC",18.2327842998047,2.830204671639,TRUE
"Mb-508","JKI","MC",15.4232602636331,3.44077474482247,TRUE
"Mb-526_13","JKI","MC",13.0472588657804,2.00509940708077,TRUE
"Mb-527_1","JKI","MC",15.9526702590559,2.00509940708077,TRUE
"Mb-533_1","JKI","MC",18.8673326270129,2.830204671639,TRUE
"Mb-539_1","JKI","MC",12.3390131455762,2.830204671639,TRUE
"Mb-585_1","JKI","MC",24.0736319792095,3.44086750185678,TRUE
"Mb-628_1","JKI","MC",20.8133801508714,2.830204671639,TRUE
"Mb-70","JKI","MC",32.5151131917964,2.00509940708077,TRUE
"Mb-72","JKI","MC",25.6688139548505,2.23842318784787,TRUE
"Mb-74","JKI","MC",30.7503099279539,2.00509940708076,TRUE
"Mb-76","JKI","MC",17.982055939572,2.00509940708076,TRUE
"Mb-770_18","JKI","MC",17.5762506472361,2.830204671639,TRUE
"Mb-779_14","JKI","MC",23.67903325345,2.830204671639,TRUE
"Mb-787_13","JKI","MC",16.2799661173864,3.03483243321643,TRUE
"Mb-810_11","JKI","MC",14.3601144977641,3.15651702247227,TRUE
"Mb-819_19","JKI","MC",14.0037959518251,2.43307991509265,TRUE
"Mb-851_1","JKI","MC",37.9940703306054,3.44086750185678,TRUE
"Mb-86","JKI","MC",25.3094394446451,2.00509940708077,TRUE
"Mb-884_1","JKI","MC",15.115243915761,2.830204671639,TRUE
"Mb-893_11","JKI","MC",26.7737896112632,2.23842318784787,TRUE
"Mb-9","JKI","MC",20.4147933805182,2.00509940708076,TRUE
"Mb-910_11","JKI","MC",28.3963522619967,2.00509940708077,TRUE
"Mb-913_17","JKI","MC",15.3647667759293,2.830204671639,TRUE
"Mb-914_13","JKI","MC",34.3897251120323,2.830204671639,TRUE
"Mb-928_18","JKI","MC",35.9191138641439,2.74569570781778,TRUE
"Mb-930","JKI","MC",30.7259487905118,2.00509940708077,TRUE
"Mb-931_12","JKI","MC",29.8401975226556,2.00112183455827,TRUE
"Mb-933_11","JKI","MC",30.0168693613627,2.00509940708077,TRUE
"Mb-935_13","JKI","MC",19.650752770181,2.57627903309997,TRUE
"Mb-94","JKI","MC",16.3100532052449,2.15297859102257,TRUE
"Mb-956_19","JKI","MC",14.5352849140699,2.43307991509265,TRUE
"Mb-958_19","JKI","MC",17.7051445687927,2.830204671639,TRUE
"Mb-960_20","JKI","MC",29.6687085066587,1.52776963602934,TRUE
"Mb-961_16","JKI","MC",19.1360995513662,2.830204671639,TRUE
"Mb-965_15","JKI","MC",18.2508288620248,2.830204671639,TRUE
"Mb-969_18","JKI","MC",20.7919074853244,2.830204671639,TRUE
"Mb-974_19","JKI","MC",23.146008988371,2.00509940708077,TRUE
"Mb-99","JKI","MC",21.5492560396946,0.805101443042433,TRUE
"Mx-1548_12","JKI","MC",16.6901664729108,2.00509940708077,TRUE
"Mx-1915_12","JKI","MC",14.1321332586226,2.15297859102257,TRUE
"Mx-1932_13","JKI","MC",19.8990207482121,2.00509940708077,TRUE
"Mx-1933_11","JKI","MC",18.4557596561583,2.00509940708077,TRUE
"Mx-1956_15","JKI","MC",19.7874027013798,2.00509940708077,TRUE
"Mx-2446_1","JKI","MC",28.4452876234136,2.23835601780165,TRUE
"Mx-2470_5","JKI","MC",20.4531931661174,2.830204671639,TRUE
"Mx-437_90","JKI","MC",14.7378436628023,2.830204671639,TRUE
