"Genotype","PopGroup"
"Mb-102","M. sinensis"
"Mb-1037_52","M. sacchariflorus"
"Mb-104","M. x gig"
"Mb-1040_17","M. sacchariflorus"
"Mb-1043_32","M. sacchariflorus"
"Mb-1044_50","M. sacchariflorus"
"Mb-1056_31","M. sacchariflorus"
"Mb-1067_18","M. sacchariflorus"
"Mb-1086_54","M. x gig"
"Mb-109","M. sinensis"
"Mb-110","M. sinensis"
"Mb-111","M. sinensis"
"Mb-113","M. sinensis"
"Mb-1130_51","M. x gig"
"Mb-1132_52","M. x gig"
"Mb-1139_19","M. sinensis"
"Mb-1147_12","M. sinensis"
"Mb-115","M. sinensis"
"Mb-1153_20","M. sinensis"
"Mb-1155_33","M. sacchariflorus"
"Mb-1156_13","M. sinensis"
"Mb-1162_20","M. sacchariflorus"
"Mb-1182_16","M. sinensis"
"Mb-1205_12","M. sinensis"
"Mb-1231_18","M. sinensis"
"Mb-1238_1","M. sinensis"
"Mb-1261_15","M. sacchariflorus"
"Mb-1353_14","M. sacchariflorus"
"Mb-14","M. sinensis"
"Mb-140","M. sacchariflorus"
"Mb-142","M. sacchariflorus"
"Mb-144","M. sacchariflorus"
"Mb-146","M. sacchariflorus"
"Mb-147","M. x gig"
"Mb-148","M. x gig"
"Mb-1485_42","M. x gig"
"Mb-1486_1","M. x gig"
"Mb-149","M. x gig"
"Mb-166","M. sacchariflorus"
"Mb-167","M. sinensis"
"Mb-177","M. sacchariflorus"
"Mb-188","M. x gig"
"Mb-2","M. sinensis"
"Mb-221","M. sinensis"
"Mb-226","M. sacchariflorus"
"Mb-229","M. sinensis"
"Mb-255","M. sinensis"
"Mb-272","M. sacchariflorus"
"Mb-297","M. sacchariflorus"
"Mb-3","M. sinensis"
"Mb-306","M. sinensis"
"Mb-307","M. x gig"
"Mb-308","M. x gig"
"Mb-309","M. x gig"
"Mb-31","M. sinensis"
"Mb-310","M. x gig"
"Mb-35","M. sinensis"
"Mb-353","M. sacchariflorus"
"Mb-37","M. sinensis"
"Mb-383_1","M. sacchariflorus"
"Mb-391","M. sacchariflorus"
"Mb-393_1","M. sacchariflorus"
"Mb-397","M. sacchariflorus"
"Mb-399","M. sacchariflorus"
"Mb-401","M. sacchariflorus"
"Mb-411","M. sacchariflorus"
"Mb-416","M. sacchariflorus"
"Mb-425_1","M. sacchariflorus"
"Mb-427_1","M. sacchariflorus"
"Mb-431_1","M. sacchariflorus"
"Mb-434_1","M. sinensis"
"Mb-485_1","M. sacchariflorus"
"Mb-486","M. sacchariflorus"
"Mb-488_15","M. sacchariflorus"
"Mb-490_10","M. sacchariflorus"
"Mb-494_1","M. sacchariflorus"
"Mb-498_1","M. sacchariflorus"
"Mb-502_1","M. sacchariflorus"
"Mb-505_1","M. sacchariflorus"
"Mb-508","M. sacchariflorus"
"Mb-526_13","M. sinensis"
"Mb-527_1","M. sinensis"
"Mb-533_1","M. sinensis"
"Mb-539_1","M. sinensis"
"Mb-585_1","M. sinensis"
"Mb-628_1","M. sacchariflorus"
"Mb-70","M. sinensis"
"Mb-72","M. x gig"
"Mb-74","M. sinensis"
"Mb-76","M. sacchariflorus"
"Mb-770_18","M. sacchariflorus"
"Mb-779_14","M. sacchariflorus"
"Mb-787_13","M. sacchariflorus"
"Mb-810_11","M. sacchariflorus"
"Mb-819_19","M. sacchariflorus"
"Mb-851_1","M. sinensis"
"Mb-86","M. sinensis"
"Mb-884_1","M. sacchariflorus"
"Mb-893_11","M. sinensis"
"Mb-9","M. sinensis"
"Mb-910_11","M. sinensis"
"Mb-913_17","M. sacchariflorus"
"Mb-914_13","M. sinensis"
"Mb-928_18","M. sinensis"
"Mb-930","M. sinensis"
"Mb-931_12","M. sinensis"
"Mb-933_11","M. sinensis"
"Mb-935_13","M. sinensis"
"Mb-94","M. sacchariflorus"
"Mb-956_19","M. sacchariflorus"
"Mb-958_19","M. sacchariflorus"
"Mb-960_20","M. sinensis"
"Mb-961_16","M. sacchariflorus"
"Mb-965_15","M. sacchariflorus"
"Mb-969_18","M. sacchariflorus"
"Mb-974_19","M. sinensis"
"Mb-99","M. sinensis"
"Mx-1548_12","M. x gig"
"Mx-1915_12","M. x gig"
"Mx-1932_13","M. x gig"
"Mx-1933_11","M. x gig"
"Mx-1956_15","M. x gig"
"Mx-2446_1","M. x gig"
"Mx-2470_5","M. sacchariflorus"
"Mx-437_90","M. x gig"
