source_path,md5
/Users/nel6/Desktop/Documents/Miscathus_others/Sparse_testing/revision/Miscanthus Sparse Testing Pipeline/results/site_pooled_revision/BLUE_correlations_all_five.csv,33be8d0f176b48c81080b5566968e871
/Users/nel6/Desktop/Documents/Miscathus_others/Sparse_testing/revision/Miscanthus Sparse Testing Pipeline/results/site_pooled_revision/BLUE_correlations_four_2015_2016.csv,cba3112293b1fe7287ac7ed3aadd2a52
/Users/nel6/Desktop/Documents/Miscathus_others/Sparse_testing/revision/Miscanthus Sparse Testing Pipeline/results/site_pooled_revision/BLUE_correlations.png,3c166a0cb732e9eb9dc6901e46e53662
/Users/nel6/Desktop/Documents/Miscathus_others/Sparse_testing/revision/Miscanthus Sparse Testing Pipeline/results/site_pooled_revision/BLUE_correlations.pdf,eb768d489bb4063e8511a91e5b7588d3
/Users/nel6/Desktop/Documents/Miscathus_others/Sparse_testing/revision/Miscanthus Sparse Testing Pipeline/results/site_pooled_revision/pooled_DM_BLUEs.csv,ddb303948767ca810228c1f091f540ad
/Users/nel6/Desktop/Documents/Miscathus_others/Sparse_testing/revision/Miscanthus Sparse Testing Pipeline/results/site_pooled_revision/pooled_model_checks.csv,6bf4a7adc77811322b56ecaf6bd65f4d
/Users/nel6/Desktop/Documents/Miscathus_others/Sparse_testing/revision/Miscanthus Sparse Testing Pipeline/results/site_pooled_revision/pooled_variance_components.csv,3da57008e390bd892edcf0e72914d6c5
/Users/nel6/Desktop/Documents/Miscathus_others/Sparse_testing/revision/Miscanthus Sparse Testing Pipeline/results/site_pooled_revision/pooled_validation_log.txt,add8d504a4097e47ed39db34765f145a
/Users/nel6/Desktop/Documents/Miscathus_others/Sparse_testing/revision/Miscanthus Sparse Testing Pipeline/results/site_pooled_revision/phenotypic_sessionInfo.txt,7a5222f363b234d5be3d126287f6390b
/Users/nel6/Desktop/Documents/Miscathus_others/Sparse_testing/revision/Miscanthus Sparse Testing Pipeline/scripts/site_pooled_blue_revision.R,2ae2d80067369515c5d6020ff93f0ccd
/Users/nel6/Desktop/Documents/Miscathus_others/Sparse_testing/revision/Miscanthus Sparse Testing Pipeline/data/popgroups_125.csv,f813dc6268ed9ffd2cf6efa8b59b2c71
/Users/nel6/Desktop/Documents/Miscathus_others/Sparse_testing/revision/Miscanthus Sparse Testing Pipeline/data/markers/Gmatrix_125.rda,012c5dd7754d3666ed6abee65efc7f71
/Users/nel6/Desktop/Documents/Miscathus_others/Sparse_testing/revision/Miscanthus Sparse Testing Pipeline/results/site_pooled_revision/cv/fold_assignments.csv,f2fb4bf66a6ceb3d6e5315a1c3d32920
/Users/nel6/Desktop/Documents/Miscathus_others/Sparse_testing/revision/Miscanthus Sparse Testing Pipeline/results/site_pooled_revision/sparse25/training_designs.csv,04ff314aec1b39aedef302c460265e46
