"scheme","overlap","target","model","Environment","PA_target","PA_raw","PA_within_pooled","RMSE_raw","RMSE_group_only"
"CV1",NA,"Group_adjusted","M1","ABR33",NA,NA,NA,1.29345570780278,1.29343411578492
"CV1",NA,"Group_adjusted","M1","JKI",NA,NA,NA,0.69562984454086,0.695614340478748
"CV1",NA,"Group_adjusted","M2","ABR33",0.334975821118584,0.538928206001841,0.0149896643724382,1.26366333876157,1.29343411578492
"CV1",NA,"Group_adjusted","M2","JKI",0.436252760340266,0.54021528078275,0.209569268965805,0.658571905363734,0.695614340478748
"CV1",NA,"Group_adjusted","M3","ABR33",0.357680449707854,0.557317345266944,0.14503409722373,1.24537021284126,1.29343411578492
"CV1",NA,"Group_adjusted","M3","JKI",0.445710765337839,0.560473911921823,0.274805774164284,0.648428259299803,0.695614340478748
"CV1",NA,"Raw","M1","ABR33",NA,NA,NA,1.5142777709905,1.29343411578492
"CV1",NA,"Raw","M1","JKI",NA,NA,NA,0.790803205584054,0.695614340478748
"CV1",NA,"Raw","M2","ABR33",0.5007630981243,0.5007630981243,0.162788412277786,1.36571951381085,1.29343411578492
"CV1",NA,"Raw","M2","JKI",0.33075857827945,0.33075857827945,0.226299222656399,0.741796431529377,0.695614340478748
"CV1",NA,"Raw","M3","ABR33",0.502897102988798,0.502897102988798,0.197960964391702,1.30697692922252,1.29343411578492
"CV1",NA,"Raw","M3","JKI",0.534141507260533,0.534141507260533,0.313324416582987,0.692725454190512,0.695614340478748
"CV2",NA,"Group_adjusted","M1","ABR33",0.41994835470795,0.583539155065332,0.253968911002031,1.22301369022867,1.29678261406524
"CV2",NA,"Group_adjusted","M1","JKI",0.406272835972575,0.579360687547024,0.360728573901039,0.647844460742061,0.694983203887387
"CV2",NA,"Group_adjusted","M2","ABR33",0.458774700104021,0.614636384134196,0.347428948924126,1.18883128735791,1.29678261406524
"CV2",NA,"Group_adjusted","M2","JKI",0.446368919457211,0.590475025158413,0.41439682148653,0.663669171919776,0.694983203887387
"CV2",NA,"Group_adjusted","M3","ABR33",0.496722667745899,0.627030137758561,0.389636251397778,1.1743606629299,1.29678261406524
"CV2",NA,"Group_adjusted","M3","JKI",0.467782000696245,0.609850370946741,0.432821399263302,0.638000894131935,0.694983203887387
"CV2",NA,"Raw","M1","ABR33",0.484435855447955,0.484435855447955,0.379731698348919,1.38538420031067,1.29678261406524
"CV2",NA,"Raw","M1","JKI",0.5114471974949,0.5114471974949,0.403192704217996,0.699130761741108,0.694983203887387
"CV2",NA,"Raw","M2","ABR33",0.627796895117447,0.627796895117447,0.431742483275979,1.26952671532829,1.29678261406524
"CV2",NA,"Raw","M2","JKI",0.537988170433705,0.537988170433705,0.438198626891391,0.763652723512399,0.694983203887387
"CV2",NA,"Raw","M3","ABR33",0.633846448132607,0.633846448132607,0.426799434625405,1.19388425105539,1.29678261406524
"CV2",NA,"Raw","M3","JKI",0.590035965082199,0.590035965082199,0.452384209132789,0.663362735605175,0.694983203887387
"Sparse25",0,"Group_adjusted","M1","ABR33",0.16256366679812,0.521734568761037,0.17391983429729,1.3417643077365,1.35154998480575
"Sparse25",0,"Group_adjusted","M1","JKI",0.165226514721922,0.509209007216937,0.16948521721947,0.706135084397141,0.715401405398928
"Sparse25",0,"Group_adjusted","M2","ABR33",0.212975113383339,0.532510176360996,0.236491606757418,1.33251602572193,1.35154998480575
"Sparse25",0,"Group_adjusted","M2","JKI",0.201231870683539,0.506401825107373,0.203664869730414,0.706875598188152,0.715401405398928
"Sparse25",0,"Group_adjusted","M3","ABR33",0.20505486018302,0.533088778361257,0.268678894826586,1.33113669554472,1.35154998480575
"Sparse25",0,"Group_adjusted","M3","JKI",0.216624566098822,0.517193751660891,0.223818046483,0.700878191928117,0.715401405398928
"Sparse25",0,"Raw","M1","ABR33",0.237581293697238,0.237581293697238,0.156796899403393,1.49427201739877,1.35154998480575
"Sparse25",0,"Raw","M1","JKI",0.255916467903192,0.255916467903192,0.176644222842641,0.790970478648389,0.715401405398928
"Sparse25",0,"Raw","M2","ABR33",0.461267322086379,0.461267322086379,0.226977573154137,1.40921895769916,1.35154998480575
"Sparse25",0,"Raw","M2","JKI",0.272894768987082,0.272894768987082,0.203626934408003,0.808572886232494,0.715401405398928
"Sparse25",0,"Raw","M3","ABR33",0.439612796117189,0.439612796117189,0.24475472885596,1.38953919347386,1.35154998480575
"Sparse25",0,"Raw","M3","JKI",0.346252200733056,0.346252200733056,0.225492999385877,0.764947897037306,0.715401405398928
"Sparse25",5,"Group_adjusted","M1","ABR33",0.184326078710692,0.511045760287738,0.186877363079047,1.3331551588416,1.34436164559606
"Sparse25",5,"Group_adjusted","M1","JKI",0.208644903687271,0.500380069608423,0.219208577902795,0.711556712887788,0.728491453791966
"Sparse25",5,"Group_adjusted","M2","ABR33",0.236326496916027,0.52091372507785,0.237924645210998,1.32005510893811,1.34436164559606
"Sparse25",5,"Group_adjusted","M2","JKI",0.263887154123653,0.516734316881282,0.270332719387028,0.702196839780258,0.728491453791966
"Sparse25",5,"Group_adjusted","M3","ABR33",0.263478856463813,0.524368448584292,0.264416299378444,1.3174780424436,1.34436164559606
"Sparse25",5,"Group_adjusted","M3","JKI",0.276500069042416,0.523145371451119,0.282137087306615,0.699155940200048,0.728491453791966
"Sparse25",5,"Raw","M1","ABR33",0.241535923141891,0.241535923141891,0.177027347491405,1.46570981108088,1.34436164559606
"Sparse25",5,"Raw","M1","JKI",0.329929099331368,0.329929099331368,0.237946057975075,0.756449766943352,0.728491453791966
"Sparse25",5,"Raw","M2","ABR33",0.45426802485673,0.45426802485673,0.229879624669668,1.38731091494241,1.34436164559606
"Sparse25",5,"Raw","M2","JKI",0.352867668981921,0.352867668981921,0.275563995621098,0.76560855002186,0.728491453791966
"Sparse25",5,"Raw","M3","ABR33",0.451144909563687,0.451144909563687,0.252973775586213,1.36901103070808,1.34436164559606
"Sparse25",5,"Raw","M3","JKI",0.41656277726263,0.41656277726263,0.294039292539984,0.724748784706917,0.728491453791966
"Sparse25",10,"Group_adjusted","M1","ABR33",0.17642590086517,0.491901333960992,0.188354813072626,1.35906292596448,1.36701402628646
"Sparse25",10,"Group_adjusted","M1","JKI",0.152637452823439,0.442377845814982,0.158057935689289,0.740408264445804,0.748134816795171
"Sparse25",10,"Group_adjusted","M2","ABR33",0.22925365407449,0.501788695908361,0.246273768341354,1.35176776325897,1.36701402628646
"Sparse25",10,"Group_adjusted","M2","JKI",0.185884666869077,0.441241545773679,0.197340162077032,0.742581083320382,0.748134816795171
"Sparse25",10,"Group_adjusted","M3","ABR33",0.235560095618613,0.502984993843954,0.264038458440112,1.35003380749322,1.36701402628646
"Sparse25",10,"Group_adjusted","M3","JKI",0.204898914485912,0.45473583167715,0.217502106512607,0.733192105938166,0.748134816795171
"Sparse25",10,"Raw","M1","ABR33",0.238468619944413,0.238468619944413,0.180732610821522,1.48766522468883,1.36701402628646
"Sparse25",10,"Raw","M1","JKI",0.224316912059246,0.224316912059246,0.155328462482668,0.80314157614439,0.748134816795171
"Sparse25",10,"Raw","M2","ABR33",0.464159481385899,0.464159481385899,0.23944170331971,1.4028311185323,1.36701402628646
"Sparse25",10,"Raw","M2","JKI",0.241393637459281,0.241393637459281,0.176738602640839,0.82881371538897,0.748134816795171
"Sparse25",10,"Raw","M3","ABR33",0.440822503690018,0.440822503690018,0.24503378498061,1.36953858729948,1.36701402628646
"Sparse25",10,"Raw","M3","JKI",0.300893487178376,0.300893487178376,0.197844227285846,0.787327640352394,0.748134816795171
"Sparse25",15,"Group_adjusted","M1","ABR33",0.125368341355052,0.53076713996495,0.119646170145371,1.33882920792482,1.34261340131206
"Sparse25",15,"Group_adjusted","M1","JKI",0.111317524763837,0.444592145654774,0.118535433199348,0.736139966658745,0.7357338245829
"Sparse25",15,"Group_adjusted","M2","ABR33",0.221467299809374,0.541837447363699,0.213688829675234,1.32784517963685,1.34261340131206
"Sparse25",15,"Group_adjusted","M2","JKI",0.162467984640151,0.447228707496094,0.164987450469389,0.732689843623052,0.7357338245829
"Sparse25",15,"Group_adjusted","M3","ABR33",0.239545799966744,0.54277379162326,0.21854498843583,1.32442254519337,1.34261340131206
"Sparse25",15,"Group_adjusted","M3","JKI",0.168439618683025,0.451908716026349,0.180999232699245,0.729903492919678,0.7357338245829
"Sparse25",15,"Raw","M1","ABR33",0.155736566209586,0.155736566209586,0.124026369491077,1.52798967103439,1.34261340131206
"Sparse25",15,"Raw","M1","JKI",0.134380323894857,0.134380323894857,0.0908840131486512,0.814883449778767,0.7357338245829
"Sparse25",15,"Raw","M2","ABR33",0.425361119862908,0.425361119862908,0.192085743108393,1.45377510405182,1.34261340131206
"Sparse25",15,"Raw","M2","JKI",0.172843643120441,0.172843643120441,0.120894710354847,0.835596031349138,0.7357338245829
"Sparse25",15,"Raw","M3","ABR33",0.408775198190959,0.408775198190959,0.175725227754579,1.43429127755966,1.34261340131206
"Sparse25",15,"Raw","M3","JKI",0.215311325268166,0.215311325268166,0.143063974390086,0.805690040959792,0.7357338245829
"Sparse25",20,"Group_adjusted","M1","ABR33",0.121472365080882,0.520081604909257,0.120155916258953,1.30755871834284,1.31248489656658
"Sparse25",20,"Group_adjusted","M1","JKI",0.0658531306770996,0.486969070346667,0.0536221298658153,0.731407679076346,0.735141722386511
"Sparse25",20,"Group_adjusted","M2","ABR33",0.266804074225644,0.531047389583665,0.26539668438478,1.29565717557861,1.31248489656658
"Sparse25",20,"Group_adjusted","M2","JKI",0.175956165538917,0.507502330662627,0.162626469686503,0.7214888954456,0.735141722386511
"Sparse25",20,"Group_adjusted","M3","ABR33",0.27125530132551,0.535134806942297,0.320003236338689,1.29257386289185,1.31248489656658
"Sparse25",20,"Group_adjusted","M3","JKI",0.197400383073667,0.517911396605977,0.175782388118292,0.71673827912173,0.735141722386511
"Sparse25",20,"Raw","M1","ABR33",0.108796618024595,0.108796618024595,0.0938025288785173,1.48761413736818,1.31248489656658
"Sparse25",20,"Raw","M1","JKI",0.0898241046882187,0.0898241046882187,0.0554543282954219,0.828875842853188,0.735141722386511
"Sparse25",20,"Raw","M2","ABR33",0.414226464558546,0.414226464558546,0.18547156450408,1.41909679226172,1.31248489656658
"Sparse25",20,"Raw","M2","JKI",0.149335120286514,0.149335120286514,0.104342906803008,0.841428335986143,0.735141722386511
"Sparse25",20,"Raw","M3","ABR33",0.406972147557768,0.406972147557768,0.207213115278579,1.39227788310279,1.31248489656658
"Sparse25",20,"Raw","M3","JKI",0.224683073505852,0.224683073505852,0.125465772648244,0.810923544059028,0.735141722386511
"Sparse25",25,"Group_adjusted","M1","ABR33",NA,0.503012627669155,NA,1.36531244280092,1.36581027136291
"Sparse25",25,"Group_adjusted","M1","JKI",NA,0.475185722704487,NA,0.724059313928354,0.723555865329028
"Sparse25",25,"Group_adjusted","M2","ABR33",0.19751867918255,0.509643291169582,0.225438503344838,1.3580576404137,1.36581027136291
"Sparse25",25,"Group_adjusted","M2","JKI",0.236193276531477,0.494660068371243,0.269761506109322,0.71456214598836,0.723555865329028
"Sparse25",25,"Group_adjusted","M3","ABR33",0.216090034359988,0.515151446903193,0.235409861801875,1.3542154224498,1.36581027136291
"Sparse25",25,"Group_adjusted","M3","JKI",0.300310360050679,0.503453630761691,0.299368647280802,0.708403162761045,0.723555865329028
"Sparse25",25,"Raw","M1","ABR33",NA,NA,NA,1.55633464409797,1.36581027136291
"Sparse25",25,"Raw","M1","JKI",NA,NA,NA,0.805363947432101,0.723555865329028
"Sparse25",25,"Raw","M2","ABR33",0.441531388585648,0.441531388585648,0.172502355869224,1.48718046585343,1.36581027136291
"Sparse25",25,"Raw","M2","JKI",0.206302341950845,0.206302341950845,0.169749883196533,0.797396382462062,0.723555865329028
"Sparse25",25,"Raw","M3","ABR33",0.439202271190635,0.439202271190635,0.171559348256351,1.44158045819942,1.36581027136291
"Sparse25",25,"Raw","M3","JKI",0.297600452911852,0.297600452911852,0.241138282839643,0.783329881771989,0.723555865329028
