"scheme","overlap","target","model","Environment","PopGroup","n_min","n_repeats","mean_PA","mean_RMSE"
"CV1",NA,"Group_adjusted","M1","ABR33","M. sacchariflorus",56,0,NA,0.50618773238431
"CV1",NA,"Group_adjusted","M1","ABR33","M. sinensis",47,0,NA,1.67332617021023
"CV1",NA,"Group_adjusted","M1","ABR33","M. x gig",22,0,NA,1.6941249416656
"CV1",NA,"Group_adjusted","M1","JKI","M. sacchariflorus",56,0,NA,0.474525859244567
"CV1",NA,"Group_adjusted","M1","JKI","M. sinensis",46,0,NA,0.747709639353798
"CV1",NA,"Group_adjusted","M1","JKI","M. x gig",22,0,NA,0.992188972047428
"CV1",NA,"Group_adjusted","M2","ABR33","M. sacchariflorus",56,10,-0.0255204159616631,0.502357249968996
"CV1",NA,"Group_adjusted","M2","ABR33","M. sinensis",47,10,0.107471880875721,1.63409653481603
"CV1",NA,"Group_adjusted","M2","ABR33","M. x gig",22,10,-0.0177397398320902,1.65021270091797
"CV1",NA,"Group_adjusted","M2","JKI","M. sacchariflorus",56,10,0.0664314733382983,0.465279722018894
"CV1",NA,"Group_adjusted","M2","JKI","M. sinensis",46,10,0.121274051372128,0.721875759115605
"CV1",NA,"Group_adjusted","M2","JKI","M. x gig",22,10,0.393609786855809,0.896171799310589
"CV1",NA,"Group_adjusted","M3","ABR33","M. sacchariflorus",56,10,0.0339230866527483,0.502030437581071
"CV1",NA,"Group_adjusted","M3","ABR33","M. sinensis",47,10,0.23217122051267,1.6062792966023
"CV1",NA,"Group_adjusted","M3","ABR33","M. x gig",22,10,0.107053497848518,1.6290583628683
"CV1",NA,"Group_adjusted","M3","JKI","M. sacchariflorus",56,10,0.141218103302863,0.460725701982078
"CV1",NA,"Group_adjusted","M3","JKI","M. sinensis",46,10,0.118242872230117,0.72208888177794
"CV1",NA,"Group_adjusted","M3","JKI","M. x gig",22,10,0.490699187675511,0.859510846518124
"CV1",NA,"Raw","M1","ABR33","M. sacchariflorus",56,0,NA,0.96843088261923
"CV1",NA,"Raw","M1","ABR33","M. sinensis",47,0,NA,1.67534708661342
"CV1",NA,"Raw","M1","ABR33","M. x gig",22,0,NA,2.15514266538404
"CV1",NA,"Raw","M1","JKI","M. sacchariflorus",56,0,NA,0.508241973363986
"CV1",NA,"Raw","M1","JKI","M. sinensis",46,0,NA,0.749224102583427
"CV1",NA,"Raw","M1","JKI","M. x gig",22,0,NA,1.30134774963835
"CV1",NA,"Raw","M2","ABR33","M. sacchariflorus",56,10,0.225490834633639,0.690427096985514
"CV1",NA,"Raw","M2","ABR33","M. sinensis",47,10,0.194034403828613,1.61699505956405
"CV1",NA,"Raw","M2","ABR33","M. x gig",22,10,0.168358864446582,1.94847913081608
"CV1",NA,"Raw","M2","JKI","M. sacchariflorus",56,10,0.0318858584568964,0.498938401028334
"CV1",NA,"Raw","M2","JKI","M. sinensis",46,10,0.178177750087894,0.808116499220268
"CV1",NA,"Raw","M2","JKI","M. x gig",22,10,0.45342211577649,1.04957235454698
"CV1",NA,"Raw","M3","ABR33","M. sacchariflorus",56,10,0.204484691292632,0.543947605500713
"CV1",NA,"Raw","M3","ABR33","M. sinensis",47,10,0.252522632961717,1.60538954522252
"CV1",NA,"Raw","M3","ABR33","M. x gig",22,10,0.202503165881862,1.85512154937444
"CV1",NA,"Raw","M3","JKI","M. sacchariflorus",56,10,0.094307645366363,0.477102046336709
"CV1",NA,"Raw","M3","JKI","M. sinensis",46,10,0.15362841253543,0.725129321775902
"CV1",NA,"Raw","M3","JKI","M. x gig",22,10,0.561611670930195,1.01245881960376
"CV2",NA,"Group_adjusted","M1","ABR33","M. sacchariflorus",56,10,0.215195925557883,0.484682432399385
"CV2",NA,"Group_adjusted","M1","ABR33","M. sinensis",46,10,0.282042244907923,1.59778962365911
"CV2",NA,"Group_adjusted","M1","ABR33","M. x gig",22,10,0.277492143830658,1.57779111049642
"CV2",NA,"Group_adjusted","M1","JKI","M. sacchariflorus",56,10,0.216892193810131,0.457790881800343
"CV2",NA,"Group_adjusted","M1","JKI","M. sinensis",46,10,0.393436178968207,0.71357072108643
"CV2",NA,"Group_adjusted","M1","JKI","M. x gig",22,10,0.402738077107195,0.875507461322425
"CV2",NA,"Group_adjusted","M2","ABR33","M. sacchariflorus",56,10,0.247700635269447,0.483838672925238
"CV2",NA,"Group_adjusted","M2","ABR33","M. sinensis",46,10,0.386798754787028,1.55138634089536
"CV2",NA,"Group_adjusted","M2","ABR33","M. x gig",22,10,0.35653158598057,1.5272361351187
"CV2",NA,"Group_adjusted","M2","JKI","M. sacchariflorus",56,10,0.266104281094254,0.454290659638454
"CV2",NA,"Group_adjusted","M2","JKI","M. sinensis",46,10,0.419066284204285,0.773878407733447
"CV2",NA,"Group_adjusted","M2","JKI","M. x gig",22,10,0.508896448481916,0.838938182383319
"CV2",NA,"Group_adjusted","M3","ABR33","M. sacchariflorus",56,10,0.275670461117992,0.478311979778631
"CV2",NA,"Group_adjusted","M3","ABR33","M. sinensis",46,10,0.444292440503852,1.52761623236532
"CV2",NA,"Group_adjusted","M3","ABR33","M. x gig",22,10,0.372682229933471,1.5184226652098
"CV2",NA,"Group_adjusted","M3","JKI","M. sacchariflorus",56,10,0.302582356559321,0.44629359779653
"CV2",NA,"Group_adjusted","M3","JKI","M. sinensis",46,10,0.415739392872129,0.741237569982826
"CV2",NA,"Group_adjusted","M3","JKI","M. x gig",22,10,0.551736098362897,0.798119361966279
"CV2",NA,"Raw","M1","ABR33","M. sacchariflorus",56,10,0.241941402588123,0.900707069269034
"CV2",NA,"Raw","M1","ABR33","M. sinensis",46,10,0.386491355391129,1.60177318989907
"CV2",NA,"Raw","M1","ABR33","M. x gig",22,10,0.473693261012277,1.84021328236879
"CV2",NA,"Raw","M1","JKI","M. sacchariflorus",56,10,0.212509233664385,0.480869186821875
"CV2",NA,"Raw","M1","JKI","M. sinensis",46,10,0.418038508008038,0.797681417327989
"CV2",NA,"Raw","M1","JKI","M. x gig",22,10,0.494498824923671,0.91338852153914
"CV2",NA,"Raw","M2","ABR33","M. sacchariflorus",56,10,0.341633915559775,0.716347336255076
"CV2",NA,"Raw","M2","ABR33","M. sinensis",46,10,0.449197251538084,1.54169404017907
"CV2",NA,"Raw","M2","ABR33","M. x gig",22,10,0.474736850697063,1.67525703286364
"CV2",NA,"Raw","M2","JKI","M. sacchariflorus",56,10,0.225925160879153,0.580044868120158
"CV2",NA,"Raw","M2","JKI","M. sinensis",46,10,0.441082906989006,0.909614126670262
"CV2",NA,"Raw","M2","JKI","M. x gig",22,10,0.554989271823436,0.836188757039695
"CV2",NA,"Raw","M3","ABR33","M. sacchariflorus",56,10,0.341805703930565,0.510957063587983
"CV2",NA,"Raw","M3","ABR33","M. sinensis",46,10,0.464689857826975,1.50656961931292
"CV2",NA,"Raw","M3","ABR33","M. x gig",22,10,0.453771177246093,1.61811461182059
"CV2",NA,"Raw","M3","JKI","M. sacchariflorus",56,10,0.274486143026583,0.457527455038532
"CV2",NA,"Raw","M3","JKI","M. sinensis",46,10,0.425131722361771,0.78761891289846
"CV2",NA,"Raw","M3","JKI","M. x gig",22,10,0.598212285757456,0.80558551206377
"Sparse25",0,"Group_adjusted","M1","ABR33","M. sacchariflorus",43,10,0.185830117253191,0.526172004029285
"Sparse25",0,"Group_adjusted","M1","ABR33","M. sinensis",33,10,0.214654155231833,1.70214168786466
"Sparse25",0,"Group_adjusted","M1","ABR33","M. x gig",14,10,0.140261637184943,1.7883690205399
"Sparse25",0,"Group_adjusted","M1","JKI","M. sacchariflorus",41,10,0.119059425904682,0.483512901412532
"Sparse25",0,"Group_adjusted","M1","JKI","M. sinensis",36,10,0.228998206740134,0.739039978733582
"Sparse25",0,"Group_adjusted","M1","JKI","M. x gig",16,10,0.134446750414941,1.01016264043226
"Sparse25",0,"Group_adjusted","M2","ABR33","M. sacchariflorus",43,10,0.181372384487204,0.521197046809851
"Sparse25",0,"Group_adjusted","M2","ABR33","M. sinensis",33,10,0.299890289837216,1.6889282523919
"Sparse25",0,"Group_adjusted","M2","ABR33","M. x gig",14,10,0.231943740461015,1.77743646350812
"Sparse25",0,"Group_adjusted","M2","JKI","M. sacchariflorus",41,10,0.15582352760781,0.481505647302049
"Sparse25",0,"Group_adjusted","M2","JKI","M. sinensis",36,10,0.249050257966067,0.748224454774301
"Sparse25",0,"Group_adjusted","M2","JKI","M. x gig",16,10,0.213347209909075,1.00134437707183
"Sparse25",0,"Group_adjusted","M3","ABR33","M. sacchariflorus",43,10,0.19353646301919,0.520396936609428
"Sparse25",0,"Group_adjusted","M3","ABR33","M. sinensis",33,10,0.322171350924641,1.68808234255487
"Sparse25",0,"Group_adjusted","M3","ABR33","M. x gig",14,10,0.266999239042538,1.77297862284319
"Sparse25",0,"Group_adjusted","M3","JKI","M. sacchariflorus",41,10,0.176949269091547,0.479282430836392
"Sparse25",0,"Group_adjusted","M3","JKI","M. sinensis",36,10,0.260942990925768,0.740254399248173
"Sparse25",0,"Group_adjusted","M3","JKI","M. x gig",16,10,0.248987473416681,0.991769229680033
"Sparse25",0,"Raw","M1","ABR33","M. sacchariflorus",43,10,0.183952209441626,1.06139483198947
"Sparse25",0,"Raw","M1","ABR33","M. sinensis",33,10,0.222795042219059,1.59013846899954
"Sparse25",0,"Raw","M1","ABR33","M. x gig",14,10,0.122302638047514,2.03240505747603
"Sparse25",0,"Raw","M1","JKI","M. sacchariflorus",41,10,0.118441223584898,0.494069856946282
"Sparse25",0,"Raw","M1","JKI","M. sinensis",36,10,0.238118992438181,0.728179500277812
"Sparse25",0,"Raw","M1","JKI","M. x gig",16,10,0.117452239407281,1.30985306576514
"Sparse25",0,"Raw","M2","ABR33","M. sacchariflorus",43,10,0.267323859800652,0.849166597902754
"Sparse25",0,"Raw","M2","ABR33","M. sinensis",33,10,0.291765926257481,1.58944141263537
"Sparse25",0,"Raw","M2","ABR33","M. x gig",14,10,0.171873093959715,1.97291541824798
"Sparse25",0,"Raw","M2","JKI","M. sacchariflorus",41,10,0.130084318491775,0.512398588847834
"Sparse25",0,"Raw","M2","JKI","M. sinensis",36,10,0.264014316406324,0.830308203232718
"Sparse25",0,"Raw","M2","JKI","M. x gig",16,10,0.159612996429867,1.21642097746762
"Sparse25",0,"Raw","M3","ABR33","M. sacchariflorus",43,10,0.30219178310719,0.659118467674742
"Sparse25",0,"Raw","M3","ABR33","M. sinensis",33,10,0.326512197111613,1.65430291821459
"Sparse25",0,"Raw","M3","ABR33","M. x gig",14,10,0.189264976823333,1.97504568238676
"Sparse25",0,"Raw","M3","JKI","M. sacchariflorus",41,10,0.136984380568512,0.482630015557807
"Sparse25",0,"Raw","M3","JKI","M. sinensis",36,10,0.268280821112063,0.74391210268054
"Sparse25",0,"Raw","M3","JKI","M. x gig",16,10,0.215456347777194,1.20894397491158
"Sparse25",5,"Group_adjusted","M1","ABR33","M. sacchariflorus",40,10,0.166329822908855,0.49523607734755
"Sparse25",5,"Group_adjusted","M1","ABR33","M. sinensis",35,10,0.204785274234834,1.71751133930404
"Sparse25",5,"Group_adjusted","M1","ABR33","M. x gig",15,10,0.172617326574332,1.75537785537932
"Sparse25",5,"Group_adjusted","M1","JKI","M. sacchariflorus",39,10,0.144396594020256,0.470041970136371
"Sparse25",5,"Group_adjusted","M1","JKI","M. sinensis",31,10,0.134080209881927,0.744538531320674
"Sparse25",5,"Group_adjusted","M1","JKI","M. x gig",17,10,0.372496327770666,1.03711008306015
"Sparse25",5,"Group_adjusted","M2","ABR33","M. sacchariflorus",40,10,0.171263275438831,0.497426763086097
"Sparse25",5,"Group_adjusted","M2","ABR33","M. sinensis",35,10,0.276482585101517,1.70111698312507
"Sparse25",5,"Group_adjusted","M2","ABR33","M. x gig",15,10,0.262342960491686,1.73199863941
"Sparse25",5,"Group_adjusted","M2","JKI","M. sacchariflorus",39,10,0.187044175335245,0.468157237611839
"Sparse25",5,"Group_adjusted","M2","JKI","M. sinensis",31,10,0.154053238027262,0.752716287693886
"Sparse25",5,"Group_adjusted","M2","JKI","M. x gig",17,10,0.459595093642292,0.989596809048557
"Sparse25",5,"Group_adjusted","M3","ABR33","M. sacchariflorus",40,10,0.202760473555481,0.495052719896427
"Sparse25",5,"Group_adjusted","M3","ABR33","M. sinensis",35,10,0.347146831980869,1.69715800768435
"Sparse25",5,"Group_adjusted","M3","ABR33","M. x gig",15,10,0.227693022087742,1.73131714810711
"Sparse25",5,"Group_adjusted","M3","JKI","M. sacchariflorus",39,10,0.21035974772038,0.463803003276649
"Sparse25",5,"Group_adjusted","M3","JKI","M. sinensis",31,10,0.149024024535909,0.747343003342939
"Sparse25",5,"Group_adjusted","M3","JKI","M. x gig",17,10,0.483471549395447,0.990521716513829
"Sparse25",5,"Raw","M1","ABR33","M. sacchariflorus",40,10,0.162859507377021,1.0470384266981
"Sparse25",5,"Raw","M1","ABR33","M. sinensis",35,10,0.199716721936872,1.63506993141224
"Sparse25",5,"Raw","M1","ABR33","M. x gig",15,10,0.177166735609047,1.91296965702678
"Sparse25",5,"Raw","M1","JKI","M. sacchariflorus",39,10,0.0646693052540482,0.473584999328742
"Sparse25",5,"Raw","M1","JKI","M. sinensis",31,10,0.169150858501325,0.734528156090549
"Sparse25",5,"Raw","M1","JKI","M. x gig",17,10,0.378697350384296,1.20550821125506
"Sparse25",5,"Raw","M2","ABR33","M. sacchariflorus",40,10,0.294277888818331,0.856800012950942
"Sparse25",5,"Raw","M2","ABR33","M. sinensis",35,10,0.238551739689542,1.6300809786206
"Sparse25",5,"Raw","M2","ABR33","M. x gig",15,10,0.21769926520924,1.82348144699695
"Sparse25",5,"Raw","M2","JKI","M. sacchariflorus",39,10,0.113635616667788,0.504095021938694
"Sparse25",5,"Raw","M2","JKI","M. sinensis",31,10,0.170182704101558,0.825197361692329
"Sparse25",5,"Raw","M2","JKI","M. x gig",17,10,0.436610027443473,1.06854873429797
"Sparse25",5,"Raw","M3","ABR33","M. sacchariflorus",40,10,0.352041000045031,0.709213258655103
"Sparse25",5,"Raw","M3","ABR33","M. sinensis",35,10,0.324706295093048,1.68008473725749
"Sparse25",5,"Raw","M3","ABR33","M. x gig",15,10,0.179931452128919,1.79742719547622
"Sparse25",5,"Raw","M3","JKI","M. sacchariflorus",39,10,0.147304112089733,0.460672531013006
"Sparse25",5,"Raw","M3","JKI","M. sinensis",31,10,0.155762656301708,0.752848896938036
"Sparse25",5,"Raw","M3","JKI","M. x gig",17,10,0.475514983955812,1.07916146537753
"Sparse25",10,"Group_adjusted","M1","ABR33","M. sacchariflorus",40,10,0.219044626956002,0.503137320059912
"Sparse25",10,"Group_adjusted","M1","ABR33","M. sinensis",35,10,0.210003143435831,1.65404652185532
"Sparse25",10,"Group_adjusted","M1","ABR33","M. x gig",14,9,0.107520322229995,1.96707871149227
"Sparse25",10,"Group_adjusted","M1","JKI","M. sacchariflorus",41,10,0.137456073986972,0.484248706782421
"Sparse25",10,"Group_adjusted","M1","JKI","M. sinensis",31,10,0.18486418065311,0.783270828716803
"Sparse25",10,"Group_adjusted","M1","JKI","M. x gig",16,9,0.138309090244612,1.09467114252254
"Sparse25",10,"Group_adjusted","M2","ABR33","M. sacchariflorus",40,10,0.217033127846056,0.503267133550517
"Sparse25",10,"Group_adjusted","M2","ABR33","M. sinensis",35,10,0.261711340939753,1.64360914853772
"Sparse25",10,"Group_adjusted","M2","ABR33","M. x gig",14,10,0.221987781850541,1.95635023355721
"Sparse25",10,"Group_adjusted","M2","JKI","M. sacchariflorus",41,10,0.139072976110545,0.48169030628438
"Sparse25",10,"Group_adjusted","M2","JKI","M. sinensis",31,10,0.217024688279473,0.800753824728516
"Sparse25",10,"Group_adjusted","M2","JKI","M. x gig",16,10,0.264637188668557,1.0785187972383
"Sparse25",10,"Group_adjusted","M3","ABR33","M. sacchariflorus",40,10,0.210181005164269,0.504697493093572
"Sparse25",10,"Group_adjusted","M3","ABR33","M. sinensis",35,10,0.289088671237744,1.64131399784967
"Sparse25",10,"Group_adjusted","M3","ABR33","M. x gig",14,10,0.238564229056318,1.952233960957
"Sparse25",10,"Group_adjusted","M3","JKI","M. sacchariflorus",41,10,0.15950425607664,0.479748582582
"Sparse25",10,"Group_adjusted","M3","JKI","M. sinensis",31,10,0.232331708359335,0.789201605335905
"Sparse25",10,"Group_adjusted","M3","JKI","M. x gig",16,10,0.307754764156662,1.06306213849205
"Sparse25",10,"Raw","M1","ABR33","M. sacchariflorus",40,10,0.223806715466669,1.00231901169025
"Sparse25",10,"Raw","M1","ABR33","M. sinensis",35,10,0.213486899827432,1.62666298733514
"Sparse25",10,"Raw","M1","ABR33","M. x gig",14,9,0.0804617450188271,2.04335107647096
"Sparse25",10,"Raw","M1","JKI","M. sacchariflorus",41,10,0.0744212808627977,0.503709757609829
"Sparse25",10,"Raw","M1","JKI","M. sinensis",31,10,0.188952460466143,0.749061825359152
"Sparse25",10,"Raw","M1","JKI","M. x gig",16,9,0.0945550614574629,1.33410126550153
"Sparse25",10,"Raw","M2","ABR33","M. sacchariflorus",40,10,0.376033518181928,0.780687387698172
"Sparse25",10,"Raw","M2","ABR33","M. sinensis",35,10,0.274098452814045,1.60684723011267
"Sparse25",10,"Raw","M2","ABR33","M. x gig",14,10,0.134785250498259,1.98733077568751
"Sparse25",10,"Raw","M2","JKI","M. sacchariflorus",41,10,0.102836523989033,0.513805827898208
"Sparse25",10,"Raw","M2","JKI","M. sinensis",31,10,0.226251507283591,0.868786751963198
"Sparse25",10,"Raw","M2","JKI","M. x gig",16,10,0.144540699590114,1.24971385925691
"Sparse25",10,"Raw","M3","ABR33","M. sacchariflorus",40,10,0.357611832932605,0.626016130211386
"Sparse25",10,"Raw","M3","ABR33","M. sinensis",35,10,0.334317728326849,1.63310688462669
"Sparse25",10,"Raw","M3","ABR33","M. x gig",14,10,0.114584735919675,1.96394756995127
"Sparse25",10,"Raw","M3","JKI","M. sacchariflorus",41,10,0.113584838505097,0.488693455915876
"Sparse25",10,"Raw","M3","JKI","M. sinensis",31,10,0.236423969808154,0.795655856464978
"Sparse25",10,"Raw","M3","JKI","M. x gig",16,10,0.209886306736536,1.23658599359351
"Sparse25",15,"Group_adjusted","M1","ABR33","M. sacchariflorus",41,10,0.033759345846186,0.511833615306343
"Sparse25",15,"Group_adjusted","M1","ABR33","M. sinensis",35,10,0.200212369897076,1.72385035608558
"Sparse25",15,"Group_adjusted","M1","ABR33","M. x gig",13,8,0.101961672112928,1.79501672575707
"Sparse25",15,"Group_adjusted","M1","JKI","M. sacchariflorus",41,10,0.113084221007869,0.496638233284672
"Sparse25",15,"Group_adjusted","M1","JKI","M. sinensis",33,10,0.121777420274478,0.791270265522466
"Sparse25",15,"Group_adjusted","M1","JKI","M. x gig",14,10,0.103616296541847,1.05411742664663
"Sparse25",15,"Group_adjusted","M2","ABR33","M. sacchariflorus",41,10,0.0845117842104934,0.510871942089272
"Sparse25",15,"Group_adjusted","M2","ABR33","M. sinensis",35,10,0.330413877098827,1.70769947315716
"Sparse25",15,"Group_adjusted","M2","ABR33","M. x gig",13,10,0.142213814868602,1.7817259548218
"Sparse25",15,"Group_adjusted","M2","JKI","M. sacchariflorus",41,10,0.168290852164109,0.493159009502634
"Sparse25",15,"Group_adjusted","M2","JKI","M. sinensis",33,10,0.17452641242015,0.791305782447242
"Sparse25",15,"Group_adjusted","M2","JKI","M. x gig",14,10,0.219324885730249,1.04209254581706
"Sparse25",15,"Group_adjusted","M3","ABR33","M. sacchariflorus",41,10,0.0705004829770708,0.510348035566474
"Sparse25",15,"Group_adjusted","M3","ABR33","M. sinensis",35,10,0.346257710529231,1.70288794680896
"Sparse25",15,"Group_adjusted","M3","ABR33","M. x gig",13,10,0.0993762777153958,1.7773841178042
"Sparse25",15,"Group_adjusted","M3","JKI","M. sacchariflorus",41,10,0.149664501431776,0.490623909742244
"Sparse25",15,"Group_adjusted","M3","JKI","M. sinensis",33,10,0.181449528065873,0.790327814356916
"Sparse25",15,"Group_adjusted","M3","JKI","M. x gig",14,10,0.229497264883606,1.03548996010444
"Sparse25",15,"Raw","M1","ABR33","M. sacchariflorus",41,10,0.0126381669827522,1.02511554897533
"Sparse25",15,"Raw","M1","ABR33","M. sinensis",35,10,0.2146999226643,1.66759370237462
"Sparse25",15,"Raw","M1","ABR33","M. x gig",13,8,0.0983926014440096,2.15372462238324
"Sparse25",15,"Raw","M1","JKI","M. sacchariflorus",41,10,-0.0412685598681861,0.533281821200411
"Sparse25",15,"Raw","M1","JKI","M. sinensis",33,10,0.134259666318198,0.771979947086258
"Sparse25",15,"Raw","M1","JKI","M. x gig",14,10,0.0462889531085118,1.29690080464091
"Sparse25",15,"Raw","M2","ABR33","M. sacchariflorus",41,10,0.212961049344507,0.82235719519658
"Sparse25",15,"Raw","M2","ABR33","M. sinensis",35,10,0.341001042722381,1.65231055628366
"Sparse25",15,"Raw","M2","ABR33","M. x gig",13,10,0.00147151364905695,2.11690352901997
"Sparse25",15,"Raw","M2","JKI","M. sacchariflorus",41,10,0.053290451897599,0.503676796516523
"Sparse25",15,"Raw","M2","JKI","M. sinensis",33,10,0.185758664464254,0.872931275249422
"Sparse25",15,"Raw","M2","JKI","M. x gig",14,10,-0.0131363953292467,1.25276385832741
"Sparse25",15,"Raw","M3","ABR33","M. sacchariflorus",41,10,0.216617829332451,0.665660307930889
"Sparse25",15,"Raw","M3","ABR33","M. sinensis",35,10,0.361383049504634,1.69248244076706
"Sparse25",15,"Raw","M3","ABR33","M. x gig",13,10,-0.0446023836857754,2.10716695926267
"Sparse25",15,"Raw","M3","JKI","M. sacchariflorus",41,10,0.0466178715803595,0.493318452732358
"Sparse25",15,"Raw","M3","JKI","M. sinensis",33,10,0.186567199000818,0.808822752783381
"Sparse25",15,"Raw","M3","JKI","M. x gig",14,10,0.0482176119005921,1.25608958152368
"Sparse25",20,"Group_adjusted","M1","ABR33","M. sacchariflorus",41,10,0.0595500991416791,0.530017884822721
"Sparse25",20,"Group_adjusted","M1","ABR33","M. sinensis",34,10,0.177883385898439,1.67545285047932
"Sparse25",20,"Group_adjusted","M1","ABR33","M. x gig",15,4,0.0745623503229896,1.7210388346317
"Sparse25",20,"Group_adjusted","M1","JKI","M. sacchariflorus",42,9,0.112259024378787,0.473578615375247
"Sparse25",20,"Group_adjusted","M1","JKI","M. sinensis",34,9,0.0446544668308745,0.788284449295113
"Sparse25",20,"Group_adjusted","M1","JKI","M. x gig",16,7,0.0201305763909199,1.05726692984086
"Sparse25",20,"Group_adjusted","M2","ABR33","M. sacchariflorus",41,10,0.0822824032953094,0.526982720959624
"Sparse25",20,"Group_adjusted","M2","ABR33","M. sinensis",34,10,0.3325950719184,1.65994632035512
"Sparse25",20,"Group_adjusted","M2","ABR33","M. x gig",15,10,0.271319406636366,1.70463173322823
"Sparse25",20,"Group_adjusted","M2","JKI","M. sacchariflorus",42,10,0.190599932148748,0.46942546012045
"Sparse25",20,"Group_adjusted","M2","JKI","M. sinensis",34,10,0.115419716193484,0.784466466328315
"Sparse25",20,"Group_adjusted","M2","JKI","M. x gig",16,10,0.357200125097798,1.02808576044901
"Sparse25",20,"Group_adjusted","M3","ABR33","M. sacchariflorus",41,10,0.140088392037252,0.529459501483924
"Sparse25",20,"Group_adjusted","M3","ABR33","M. sinensis",34,10,0.373197966693497,1.65576988826582
"Sparse25",20,"Group_adjusted","M3","ABR33","M. x gig",15,10,0.344001843406138,1.69739695096379
"Sparse25",20,"Group_adjusted","M3","JKI","M. sacchariflorus",42,10,0.197874344733764,0.467133935416486
"Sparse25",20,"Group_adjusted","M3","JKI","M. sinensis",34,10,0.129394364159628,0.779991633749227
"Sparse25",20,"Group_adjusted","M3","JKI","M. x gig",16,10,0.36269450833201,1.01886773747173
"Sparse25",20,"Raw","M1","ABR33","M. sacchariflorus",41,10,0.063833130146342,0.950742759764873
"Sparse25",20,"Raw","M1","ABR33","M. sinensis",34,10,0.170042944392799,1.63115653075819
"Sparse25",20,"Raw","M1","ABR33","M. x gig",15,4,-0.0543836601035049,2.10858165593713
"Sparse25",20,"Raw","M1","JKI","M. sacchariflorus",42,9,0.0640991235017306,0.484565279516737
"Sparse25",20,"Raw","M1","JKI","M. sinensis",34,9,0.0491444408309336,0.755308017720838
"Sparse25",20,"Raw","M1","JKI","M. x gig",16,7,0.0201305763909199,1.42828863706227
"Sparse25",20,"Raw","M2","ABR33","M. sacchariflorus",41,10,0.236119558882392,0.759772899970728
"Sparse25",20,"Raw","M2","ABR33","M. sinensis",34,10,0.270470026306174,1.61524708388855
"Sparse25",20,"Raw","M2","ABR33","M. x gig",15,10,0.0769051845286794,2.06808654707148
"Sparse25",20,"Raw","M2","JKI","M. sacchariflorus",42,10,0.113639593178008,0.515941424171191
"Sparse25",20,"Raw","M2","JKI","M. sinensis",34,10,0.113492832355769,0.802587644900668
"Sparse25",20,"Raw","M2","JKI","M. x gig",16,10,0.17259423910414,1.37366305323375
"Sparse25",20,"Raw","M3","ABR33","M. sacchariflorus",41,10,0.283777530364483,0.584041202572659
"Sparse25",20,"Raw","M3","ABR33","M. sinensis",34,10,0.330546005327828,1.65210925542111
"Sparse25",20,"Raw","M3","ABR33","M. x gig",15,10,0.0879810719746366,2.03798773188744
"Sparse25",20,"Raw","M3","JKI","M. sacchariflorus",42,10,0.126195345624463,0.473001084829628
"Sparse25",20,"Raw","M3","JKI","M. sinensis",34,10,0.12554321399729,0.768278856332561
"Sparse25",20,"Raw","M3","JKI","M. x gig",16,10,0.244358533683049,1.36246888721007
"Sparse25",25,"Group_adjusted","M1","ABR33","M. sacchariflorus",41,0,NA,0.509074457235902
"Sparse25",25,"Group_adjusted","M1","ABR33","M. sinensis",34,0,NA,1.74980156805015
"Sparse25",25,"Group_adjusted","M1","ABR33","M. x gig",15,0,NA,1.82646406466808
"Sparse25",25,"Group_adjusted","M1","JKI","M. sacchariflorus",41,0,NA,0.459346739671885
"Sparse25",25,"Group_adjusted","M1","JKI","M. sinensis",33,0,NA,0.774504264328501
"Sparse25",25,"Group_adjusted","M1","JKI","M. x gig",15,0,NA,1.06537878483552
"Sparse25",25,"Group_adjusted","M2","ABR33","M. sacchariflorus",41,10,0.0694509356684967,0.510940109278657
"Sparse25",25,"Group_adjusted","M2","ABR33","M. sinensis",34,10,0.307061216777832,1.73976218361349
"Sparse25",25,"Group_adjusted","M2","ABR33","M. x gig",15,10,0.194477780313529,1.81405979931288
"Sparse25",25,"Group_adjusted","M2","JKI","M. sacchariflorus",41,10,0.120599831545307,0.456068381846484
"Sparse25",25,"Group_adjusted","M2","JKI","M. sinensis",33,10,0.193570067179283,0.771715289890631
"Sparse25",25,"Group_adjusted","M2","JKI","M. x gig",15,10,0.443333813188429,1.03612667584217
"Sparse25",25,"Group_adjusted","M3","ABR33","M. sacchariflorus",41,10,0.106911426882952,0.509223808210715
"Sparse25",25,"Group_adjusted","M3","ABR33","M. sinensis",34,10,0.301607043458611,1.73352897272711
"Sparse25",25,"Group_adjusted","M3","ABR33","M. x gig",15,10,0.204969506819523,1.81193566125505
"Sparse25",25,"Group_adjusted","M3","JKI","M. sacchariflorus",41,10,0.172518453809899,0.456725011637724
"Sparse25",25,"Group_adjusted","M3","JKI","M. sinensis",33,10,0.16656292462751,0.762506477534985
"Sparse25",25,"Group_adjusted","M3","JKI","M. x gig",15,10,0.506876881857417,1.02560665441489
"Sparse25",25,"Raw","M1","ABR33","M. sacchariflorus",41,0,NA,0.924725126869519
"Sparse25",25,"Raw","M1","ABR33","M. sinensis",34,0,NA,1.76599630842885
"Sparse25",25,"Raw","M1","ABR33","M. x gig",15,0,NA,2.13224385838816
"Sparse25",25,"Raw","M1","JKI","M. sacchariflorus",41,0,NA,0.509505713611914
"Sparse25",25,"Raw","M1","JKI","M. sinensis",33,0,NA,0.761211630933907
"Sparse25",25,"Raw","M1","JKI","M. x gig",15,0,NA,1.30055123747453
"Sparse25",25,"Raw","M2","ABR33","M. sacchariflorus",41,10,0.270360700159865,0.784924593062721
"Sparse25",25,"Raw","M2","ABR33","M. sinensis",34,10,0.294045187038272,1.73419454593098
"Sparse25",25,"Raw","M2","ABR33","M. x gig",15,10,0.0833279434847304,2.07167912449826
"Sparse25",25,"Raw","M2","JKI","M. sacchariflorus",41,10,0.104154317541894,0.465407553767742
"Sparse25",25,"Raw","M2","JKI","M. sinensis",33,10,0.18354229101748,0.818131379010386
"Sparse25",25,"Raw","M2","JKI","M. x gig",15,10,0.236422725656795,1.22948600035857
"Sparse25",25,"Raw","M3","ABR33","M. sacchariflorus",41,10,0.287941930779219,0.659373521886721
"Sparse25",25,"Raw","M3","ABR33","M. sinensis",34,10,0.287952135771764,1.71415542939414
"Sparse25",25,"Raw","M3","ABR33","M. x gig",15,10,0.067596130021312,2.05059769864867
"Sparse25",25,"Raw","M3","JKI","M. sacchariflorus",41,10,0.128707357407115,0.480220891245375
"Sparse25",25,"Raw","M3","JKI","M. sinensis",33,10,0.194480161370202,0.777664682395296
"Sparse25",25,"Raw","M3","JKI","M. x gig",15,10,0.365171851173231,1.22335148479995
