"trait","model","component","variance","pct","ymax","ymin","xnum"
"DM","M1","R",0.450156394071163,28.352566224646,28.352566224646,0,1
"DM","M1","L",0.261748809790458,16.4859381351652,44.8385043598112,28.352566224646,1
"DM","M1","E",0.875804319517802,55.1614956401887,100,44.8385043598112,1
"DM","M2","R",0.447641103061556,28.714967719543,28.714967719543,0,2
"DM","M2","L",0.157828618493892,10.1242795942467,38.8392473137897,28.714967719543,2
"DM","M2","G",0.132864366554528,8.5228902587307,47.3621375725204,38.8392473137897,2
"DM","M2","E",0.820578000643296,52.6378624274796,100,47.3621375725204,2
"DM","M3","R",0.223146353156406,14.2088934479806,14.2088934479806,0,3
"DM","M3","L",0.15265298152878,9.72021240041816,23.9291058483988,14.2088934479806,3
"DM","M3","G",0.12612959989032,8.03133020158226,31.960436049981,23.9291058483988,3
"DM","M3","GxE",0.274772820944834,17.4962202159302,49.4566562659112,31.960436049981,3
"DM","M3","E",0.793767851936108,50.5433437340888,100,49.4566562659112,3
"FW","M1","R",1.12835376848622,32.6105504179418,32.6105504179418,0,1
"FW","M1","L",0.594656510383905,17.1861668342259,49.7967172521676,32.6105504179418,1
"FW","M1","E",1.73707780313115,50.2032827478324,100,49.7967172521676,1
"FW","M2","R",1.12053469394316,34.2132927098595,34.2132927098595,0,2
"FW","M2","L",0.335050360074243,10.2300947072197,44.4433874170792,34.2132927098595,2
"FW","M2","G",0.329747499334774,10.0681824276091,54.5115698446883,44.4433874170792,2
"FW","M2","E",1.48981171132202,45.4884301553117,100,54.5115698446883,2
"FW","M3","R",0.456194109497577,13.5123011841681,13.5123011841681,0,3
"FW","M3","L",0.316694834978857,9.38038414923344,22.8926853334016,13.5123011841681,3
"FW","M3","G",0.313153999683358,9.27550591437634,32.1681912477779,22.8926853334016,3
"FW","M3","GxE",0.797560595627354,23.623450536462,55.7916417842399,32.1681912477779,3
"FW","M3","E",1.4925357519575,44.2083582157601,100,55.7916417842399,3
"MC","M1","R",36.0559892783771,31.5908531593409,31.5908531593409,0,1
"MC","M1","L",30.0106213802067,26.2941373185742,57.8849904779151,31.5908531593409,1
"MC","M1","E",48.0676581961208,42.1150095220849,100,57.8849904779151,1
"MC","M2","R",35.9855547056603,32.0589870641274,32.0589870641274,0,2
"MC","M2","L",16.9418910272254,15.0932747800117,47.1522618441392,32.0589870641274,2
"MC","M2","G",16.2623504032456,14.4878823037276,61.6401441478668,47.1522618441392,2
"MC","M2","E",43.0581505431527,38.3598558521332,100,61.6401441478668,2
"MC","M3","R",19.6207878823097,17.3514629351341,17.3514629351341,0,3
"MC","M3","L",16.1009332816062,14.2387119585928,31.5901748937269,17.3514629351341,3
"MC","M3","G",15.8849127233337,14.0476761687675,45.6378510624944,31.5901748937269,3
"MC","M3","GxE",21.2919064328089,18.8293012239494,64.4671522864439,45.6378510624944,3
"MC","M3","E",40.1800395994513,35.5328477135562,100,64.4671522864438,3
