"trait","setting","task","split","model","target","term","split_Rhat","rank_split_Rhat"
"MC","long",321,1,"M3","Raw","bg_ETA_ENV_varB.dat",1.00377193177994,1.00136406118763
"MC","long",321,1,"M3","Raw","bg_ETA_GENO_varU.dat",1.0003014513391,1.00029370051566
"MC","long",321,1,"M3","Raw","bg_ETA_GXE_varU.dat",1.0004866517285,1.00055114989688
"MC","long",321,1,"M3","Raw","bg_ETA_LINE_varB.dat",1.00065802029514,1.00072104677177
"MC","long",321,1,"M3","Raw","bg_varE.dat",1.00062034672437,1.00057961813167
"MC","long",371,51,"M3","Raw","bg_ETA_ENV_varB.dat",1.00041132814316,1.00042585079197
"MC","long",371,51,"M3","Raw","bg_ETA_GENO_varU.dat",1.00038138314266,1.00040775894145
"MC","long",371,51,"M3","Raw","bg_ETA_GXE_varU.dat",1.00022883127133,1.00018719050153
"MC","long",371,51,"M3","Raw","bg_ETA_LINE_varB.dat",1.00051329560019,1.00064426584605
"MC","long",371,51,"M3","Raw","bg_varE.dat",1.00008343416829,1.00011768824102
"MC","long",421,101,"M3","Raw","bg_ETA_ENV_varB.dat",1.00034397809862,1.00031804895263
"MC","long",421,101,"M3","Raw","bg_ETA_GENO_varU.dat",1.00008304927791,1.00023759318565
"MC","long",421,101,"M3","Raw","bg_ETA_GXE_varU.dat",1.00047580812317,1.00031353767236
"MC","long",421,101,"M3","Raw","bg_ETA_LINE_varB.dat",1.00082307937338,1.00101410825331
"MC","long",421,101,"M3","Raw","bg_varE.dat",1.00014983071613,1.00016554637497
"MC","long",471,151,"M3","Raw","bg_ETA_ENV_varB.dat",1.00034631966604,1.00015333240163
"MC","long",471,151,"M3","Raw","bg_ETA_GENO_varU.dat",1.000013874797,1.00012885571835
"MC","long",471,151,"M3","Raw","bg_ETA_GXE_varU.dat",1.00105149588826,1.00089116229011
"MC","long",471,151,"M3","Raw","bg_ETA_LINE_varB.dat",1.00062320196674,1.00077111526624
"MC","long",471,151,"M3","Raw","bg_varE.dat",1.00032787987955,1.00026277991683
"MC","long",801,1,"M3","Group_adjusted","bg_ETA_ENV_varB.dat",1.00127966569574,1.00065214748588
"MC","long",801,1,"M3","Group_adjusted","bg_ETA_GENO_varU.dat",1.00051500255826,1.0005438307577
"MC","long",801,1,"M3","Group_adjusted","bg_ETA_GXE_varU.dat",1.00040718919653,1.00045458268086
"MC","long",801,1,"M3","Group_adjusted","bg_ETA_LINE_varB.dat",1.00074727624076,1.00079402391688
"MC","long",801,1,"M3","Group_adjusted","bg_varE.dat",1.00058473866319,1.00054463366521
"MC","long",851,51,"M3","Group_adjusted","bg_ETA_ENV_varB.dat",1.0002762563863,1.00027322980478
"MC","long",851,51,"M3","Group_adjusted","bg_ETA_GENO_varU.dat",1.00033424503351,1.00036515690589
"MC","long",851,51,"M3","Group_adjusted","bg_ETA_GXE_varU.dat",1.00024332643347,1.00014763240814
"MC","long",851,51,"M3","Group_adjusted","bg_ETA_LINE_varB.dat",1.00054183620134,1.00076671810165
"MC","long",851,51,"M3","Group_adjusted","bg_varE.dat",1.00013117530213,1.00015121273779
"MC","long",901,101,"M3","Group_adjusted","bg_ETA_ENV_varB.dat",1.00018485781758,1.00027987151381
"MC","long",901,101,"M3","Group_adjusted","bg_ETA_GENO_varU.dat",1.0000758656811,1.00028727753718
"MC","long",901,101,"M3","Group_adjusted","bg_ETA_GXE_varU.dat",1.0006053644437,1.00035668972552
"MC","long",901,101,"M3","Group_adjusted","bg_ETA_LINE_varB.dat",1.00090822063807,1.00105736138405
"MC","long",901,101,"M3","Group_adjusted","bg_varE.dat",1.00017728482145,1.00019431971324
"MC","long",951,151,"M3","Group_adjusted","bg_ETA_ENV_varB.dat",1.00039840065612,1.00018145492191
"MC","long",951,151,"M3","Group_adjusted","bg_ETA_GENO_varU.dat",1.00006484107897,1.00011343770123
"MC","long",951,151,"M3","Group_adjusted","bg_ETA_GXE_varU.dat",1.00087887403702,1.00081981542076
"MC","long",951,151,"M3","Group_adjusted","bg_ETA_LINE_varB.dat",1.00048203785229,1.00063331315677
"MC","long",951,151,"M3","Group_adjusted","bg_varE.dat",1.00030174343582,1.00021891267406
