"chain","scheme","rep","target","Environment","PA"
1,"CV1",1,"Group_adjusted","ABR33",-0.0418894660092956
1,"CV1",1,"Group_adjusted","JKI",0.094198870884525
1,"CV1",1,"Raw","ABR33",0.0379354707428555
1,"CV1",1,"Raw","JKI",0.0658270363118271
1,"CV1",2,"Group_adjusted","ABR33",0.188052327052634
1,"CV1",2,"Group_adjusted","JKI",0.210712230912365
1,"CV1",2,"Raw","ABR33",0.293128848269356
1,"CV1",2,"Raw","JKI",0.243354241814031
1,"CV1",3,"Group_adjusted","ABR33",0.128021026232367
1,"CV1",3,"Group_adjusted","JKI",0.196526029511992
1,"CV1",3,"Raw","ABR33",0.15824479930369
1,"CV1",3,"Raw","JKI",0.207330130141076
1,"CV1",4,"Group_adjusted","ABR33",0.205647404583728
1,"CV1",4,"Group_adjusted","JKI",0.356473297762442
1,"CV1",4,"Raw","ABR33",0.274754139113195
1,"CV1",4,"Raw","JKI",0.358670298049531
1,"CV1",5,"Group_adjusted","ABR33",0.246500745301488
1,"CV1",5,"Group_adjusted","JKI",0.376117523864064
1,"CV1",5,"Raw","ABR33",0.32296496948885
1,"CV1",5,"Raw","JKI",0.333386327910906
1,"CV1",6,"Group_adjusted","ABR33",0.230694310677364
1,"CV1",6,"Group_adjusted","JKI",0.358216668015916
1,"CV1",6,"Raw","ABR33",0.322158029524501
1,"CV1",6,"Raw","JKI",0.35665912921583
1,"CV1",7,"Group_adjusted","ABR33",0.282504176634817
1,"CV1",7,"Group_adjusted","JKI",0.214161709426002
1,"CV1",7,"Raw","ABR33",0.343840045537331
1,"CV1",7,"Raw","JKI",0.325765080754126
1,"CV1",8,"Group_adjusted","ABR33",0.20688405158041
1,"CV1",8,"Group_adjusted","JKI",0.302862395228539
1,"CV1",8,"Raw","ABR33",0.329297110784985
1,"CV1",8,"Raw","JKI",0.353503371328137
1,"CV1",9,"Group_adjusted","ABR33",0.185262779443379
1,"CV1",9,"Group_adjusted","JKI",0.278788935464402
1,"CV1",9,"Raw","ABR33",0.228060534454291
1,"CV1",9,"Raw","JKI",0.259434952844003
1,"CV1",10,"Group_adjusted","ABR33",0.274464540905465
1,"CV1",10,"Group_adjusted","JKI",0.35646904938156
1,"CV1",10,"Raw","ABR33",0.343824429945729
1,"CV1",10,"Raw","JKI",0.34783402587411
1,"CV2",1,"Group_adjusted","ABR33",0.676326055051246
1,"CV2",1,"Group_adjusted","JKI",0.713837566198368
1,"CV2",1,"Raw","ABR33",0.71523664117991
1,"CV2",1,"Raw","JKI",0.717641268110896
1,"CV2",2,"Group_adjusted","ABR33",0.690181514424179
1,"CV2",2,"Group_adjusted","JKI",0.714252365706921
1,"CV2",2,"Raw","ABR33",0.730323866044506
1,"CV2",2,"Raw","JKI",0.718995122867694
1,"CV2",3,"Group_adjusted","ABR33",0.704936296844081
1,"CV2",3,"Group_adjusted","JKI",0.713001095824458
1,"CV2",3,"Raw","ABR33",0.730867886078663
1,"CV2",3,"Raw","JKI",0.719645305735833
1,"CV2",4,"Group_adjusted","ABR33",0.684526755111435
1,"CV2",4,"Group_adjusted","JKI",0.709141695556913
1,"CV2",4,"Raw","ABR33",0.712833011774984
1,"CV2",4,"Raw","JKI",0.714372862738484
1,"CV2",5,"Group_adjusted","ABR33",0.675172673971365
1,"CV2",5,"Group_adjusted","JKI",0.709466499729806
1,"CV2",5,"Raw","ABR33",0.693899819185757
1,"CV2",5,"Raw","JKI",0.711440536133284
1,"CV2",6,"Group_adjusted","ABR33",0.708398881287596
1,"CV2",6,"Group_adjusted","JKI",0.704555405896844
1,"CV2",6,"Raw","ABR33",0.728063678184272
1,"CV2",6,"Raw","JKI",0.708138116726296
1,"CV2",7,"Group_adjusted","ABR33",0.692081123388055
1,"CV2",7,"Group_adjusted","JKI",0.713417672739515
1,"CV2",7,"Raw","ABR33",0.729786963536762
1,"CV2",7,"Raw","JKI",0.718322989723826
1,"CV2",8,"Group_adjusted","ABR33",0.698382560190112
1,"CV2",8,"Group_adjusted","JKI",0.714825588682537
1,"CV2",8,"Raw","ABR33",0.715112444218056
1,"CV2",8,"Raw","JKI",0.722107578022595
1,"CV2",9,"Group_adjusted","ABR33",0.680964443948315
1,"CV2",9,"Group_adjusted","JKI",0.707706280589967
1,"CV2",9,"Raw","ABR33",0.723326381958386
1,"CV2",9,"Raw","JKI",0.712401532180252
1,"CV2",10,"Group_adjusted","ABR33",0.683424832376307
1,"CV2",10,"Group_adjusted","JKI",0.71081825885059
1,"CV2",10,"Raw","ABR33",0.721134536456285
1,"CV2",10,"Raw","JKI",0.720961274110086
2,"CV1",1,"Group_adjusted","ABR33",-0.0217487609025363
2,"CV1",1,"Group_adjusted","JKI",0.0976228330725964
2,"CV1",1,"Raw","ABR33",0.0535159216881297
2,"CV1",1,"Raw","JKI",0.0673708239678603
2,"CV1",2,"Group_adjusted","ABR33",0.20953553948414
2,"CV1",2,"Group_adjusted","JKI",0.231283448633338
2,"CV1",2,"Raw","ABR33",0.305532051089731
2,"CV1",2,"Raw","JKI",0.260497328253008
2,"CV1",3,"Group_adjusted","ABR33",0.132156181806598
2,"CV1",3,"Group_adjusted","JKI",0.201147462391775
2,"CV1",3,"Raw","ABR33",0.161252867526379
2,"CV1",3,"Raw","JKI",0.209373181430248
2,"CV1",4,"Group_adjusted","ABR33",0.213872625277108
2,"CV1",4,"Group_adjusted","JKI",0.337122288617258
2,"CV1",4,"Raw","ABR33",0.282427597093321
2,"CV1",4,"Raw","JKI",0.341656495175429
2,"CV1",5,"Group_adjusted","ABR33",0.263134634736616
2,"CV1",5,"Group_adjusted","JKI",0.389613167629884
2,"CV1",5,"Raw","ABR33",0.339447116074235
2,"CV1",5,"Raw","JKI",0.343426741182342
2,"CV1",6,"Group_adjusted","ABR33",0.230866970944841
2,"CV1",6,"Group_adjusted","JKI",0.349803957536288
2,"CV1",6,"Raw","ABR33",0.323254891251482
2,"CV1",6,"Raw","JKI",0.347965494352686
2,"CV1",7,"Group_adjusted","ABR33",0.272000323759762
2,"CV1",7,"Group_adjusted","JKI",0.222405359184491
2,"CV1",7,"Raw","ABR33",0.335028383901934
2,"CV1",7,"Raw","JKI",0.337160783807073
2,"CV1",8,"Group_adjusted","ABR33",0.211740367309671
2,"CV1",8,"Group_adjusted","JKI",0.285964084016835
2,"CV1",8,"Raw","ABR33",0.341103569045853
2,"CV1",8,"Raw","JKI",0.34370774316873
2,"CV1",9,"Group_adjusted","ABR33",0.169204884737699
2,"CV1",9,"Group_adjusted","JKI",0.274663765041632
2,"CV1",9,"Raw","ABR33",0.208398994258373
2,"CV1",9,"Raw","JKI",0.24863934126834
2,"CV1",10,"Group_adjusted","ABR33",0.300664584940437
2,"CV1",10,"Group_adjusted","JKI",0.379870465300006
2,"CV1",10,"Raw","ABR33",0.367445216937714
2,"CV1",10,"Raw","JKI",0.370436590441745
2,"CV2",1,"Group_adjusted","ABR33",0.676657951949739
2,"CV2",1,"Group_adjusted","JKI",0.711125491789104
2,"CV2",1,"Raw","ABR33",0.715038876038441
2,"CV2",1,"Raw","JKI",0.715140553812479
2,"CV2",2,"Group_adjusted","ABR33",0.689892597503518
2,"CV2",2,"Group_adjusted","JKI",0.713762402489854
2,"CV2",2,"Raw","ABR33",0.728934381126352
2,"CV2",2,"Raw","JKI",0.718119677248132
2,"CV2",3,"Group_adjusted","ABR33",0.70305040104691
2,"CV2",3,"Group_adjusted","JKI",0.715300832784494
2,"CV2",3,"Raw","ABR33",0.729372369414995
2,"CV2",3,"Raw","JKI",0.721540187570287
2,"CV2",4,"Group_adjusted","ABR33",0.687307283844818
2,"CV2",4,"Group_adjusted","JKI",0.708354432553743
2,"CV2",4,"Raw","ABR33",0.715285150631103
2,"CV2",4,"Raw","JKI",0.713100998549852
2,"CV2",5,"Group_adjusted","ABR33",0.67679522427831
2,"CV2",5,"Group_adjusted","JKI",0.713403560714646
2,"CV2",5,"Raw","ABR33",0.695076728859553
2,"CV2",5,"Raw","JKI",0.714837440056137
2,"CV2",6,"Group_adjusted","ABR33",0.708891282527649
2,"CV2",6,"Group_adjusted","JKI",0.705002316057286
2,"CV2",6,"Raw","ABR33",0.727627615591717
2,"CV2",6,"Raw","JKI",0.708593794392469
2,"CV2",7,"Group_adjusted","ABR33",0.692152832145393
2,"CV2",7,"Group_adjusted","JKI",0.714574212695901
2,"CV2",7,"Raw","ABR33",0.729756368944377
2,"CV2",7,"Raw","JKI",0.719588531084501
2,"CV2",8,"Group_adjusted","ABR33",0.695505182260288
2,"CV2",8,"Group_adjusted","JKI",0.711488750536724
2,"CV2",8,"Raw","ABR33",0.711825740063055
2,"CV2",8,"Raw","JKI",0.719075158670816
2,"CV2",9,"Group_adjusted","ABR33",0.685509966098136
2,"CV2",9,"Group_adjusted","JKI",0.710509958997593
2,"CV2",9,"Raw","ABR33",0.726770684415982
2,"CV2",9,"Raw","JKI",0.714528031105934
2,"CV2",10,"Group_adjusted","ABR33",0.683286293632467
2,"CV2",10,"Group_adjusted","JKI",0.714327750550926
2,"CV2",10,"Raw","ABR33",0.722104715500548
2,"CV2",10,"Raw","JKI",0.724312791211619
3,"CV1",1,"Group_adjusted","ABR33",-0.040350652257364
3,"CV1",1,"Group_adjusted","JKI",0.0941154066463332
3,"CV1",1,"Raw","ABR33",0.0352530033738948
3,"CV1",1,"Raw","JKI",0.0650314132190674
3,"CV1",2,"Group_adjusted","ABR33",0.179559497543468
3,"CV1",2,"Group_adjusted","JKI",0.210048300450558
3,"CV1",2,"Raw","ABR33",0.275369382823931
3,"CV1",2,"Raw","JKI",0.237567244886401
3,"CV1",3,"Group_adjusted","ABR33",0.10043619813926
3,"CV1",3,"Group_adjusted","JKI",0.173453264974669
3,"CV1",3,"Raw","ABR33",0.129274581082706
3,"CV1",3,"Raw","JKI",0.181835945600982
3,"CV1",4,"Group_adjusted","ABR33",0.24460414747239
3,"CV1",4,"Group_adjusted","JKI",0.361513066965127
3,"CV1",4,"Raw","ABR33",0.309027895302112
3,"CV1",4,"Raw","JKI",0.362141748349994
3,"CV1",5,"Group_adjusted","ABR33",0.221730565287426
3,"CV1",5,"Group_adjusted","JKI",0.355203777072432
3,"CV1",5,"Raw","ABR33",0.297528045460956
3,"CV1",5,"Raw","JKI",0.311549327186529
3,"CV1",6,"Group_adjusted","ABR33",0.242878017717096
3,"CV1",6,"Group_adjusted","JKI",0.359084506359583
3,"CV1",6,"Raw","ABR33",0.33494378257823
3,"CV1",6,"Raw","JKI",0.359014115892172
3,"CV1",7,"Group_adjusted","ABR33",0.300616068454768
3,"CV1",7,"Group_adjusted","JKI",0.257696535027676
3,"CV1",7,"Raw","ABR33",0.36392833926065
3,"CV1",7,"Raw","JKI",0.369040147365981
3,"CV1",8,"Group_adjusted","ABR33",0.192369563976606
3,"CV1",8,"Group_adjusted","JKI",0.283766090728886
3,"CV1",8,"Raw","ABR33",0.322994928629286
3,"CV1",8,"Raw","JKI",0.33983258707473
3,"CV1",9,"Group_adjusted","ABR33",0.196379753420824
3,"CV1",9,"Group_adjusted","JKI",0.29502573085088
3,"CV1",9,"Raw","ABR33",0.240493707299626
3,"CV1",9,"Raw","JKI",0.273623838090046
3,"CV1",10,"Group_adjusted","ABR33",0.281479060985197
3,"CV1",10,"Group_adjusted","JKI",0.356032698160591
3,"CV1",10,"Raw","ABR33",0.345066941207461
3,"CV1",10,"Raw","JKI",0.34754601249312
3,"CV2",1,"Group_adjusted","ABR33",0.676366032795796
3,"CV2",1,"Group_adjusted","JKI",0.712197305525798
3,"CV2",1,"Raw","ABR33",0.714592838599934
3,"CV2",1,"Raw","JKI",0.716313153252559
3,"CV2",2,"Group_adjusted","ABR33",0.684177532806043
3,"CV2",2,"Group_adjusted","JKI",0.718977815722505
3,"CV2",2,"Raw","ABR33",0.723140282696605
3,"CV2",2,"Raw","JKI",0.723145175856474
3,"CV2",3,"Group_adjusted","ABR33",0.701690912388652
3,"CV2",3,"Group_adjusted","JKI",0.713742749439195
3,"CV2",3,"Raw","ABR33",0.727826532887492
3,"CV2",3,"Raw","JKI",0.720564849839627
3,"CV2",4,"Group_adjusted","ABR33",0.687464016686859
3,"CV2",4,"Group_adjusted","JKI",0.709420421887811
3,"CV2",4,"Raw","ABR33",0.715792370111967
3,"CV2",4,"Raw","JKI",0.714549724313396
3,"CV2",5,"Group_adjusted","ABR33",0.678189000269842
3,"CV2",5,"Group_adjusted","JKI",0.711978841568587
3,"CV2",5,"Raw","ABR33",0.69687946978082
3,"CV2",5,"Raw","JKI",0.713615897396431
3,"CV2",6,"Group_adjusted","ABR33",0.708836936160462
3,"CV2",6,"Group_adjusted","JKI",0.703793794240411
3,"CV2",6,"Raw","ABR33",0.728079300129252
3,"CV2",6,"Raw","JKI",0.707649758121711
3,"CV2",7,"Group_adjusted","ABR33",0.688028737927701
3,"CV2",7,"Group_adjusted","JKI",0.71288520419824
3,"CV2",7,"Raw","ABR33",0.725232429637776
3,"CV2",7,"Raw","JKI",0.71790489360221
3,"CV2",8,"Group_adjusted","ABR33",0.695671649591153
3,"CV2",8,"Group_adjusted","JKI",0.714383949315876
3,"CV2",8,"Raw","ABR33",0.712120106313833
3,"CV2",8,"Raw","JKI",0.721710637236913
3,"CV2",9,"Group_adjusted","ABR33",0.688361984255445
3,"CV2",9,"Group_adjusted","JKI",0.709940929098219
3,"CV2",9,"Raw","ABR33",0.729119174632092
3,"CV2",9,"Raw","JKI",0.714194420661088
3,"CV2",10,"Group_adjusted","ABR33",0.68540486107042
3,"CV2",10,"Group_adjusted","JKI",0.713788671897515
3,"CV2",10,"Raw","ABR33",0.722538820466194
3,"CV2",10,"Raw","JKI",0.724099539469215
