"UID","geno","block","row","col","dry_matter_plant_15","fresh_weight_plant_15","moisture_content_15","dry_matter_plant_16","fresh_weight_plant_16","moisture_content_16"
"63016","Mx-2446_1","1","6","1","2.7063799999999998","5.44","50.250399999999999","2.972","5.5780000000000003","46.7"
"63018","Mb-427_1","1","8","1","0.232934","0.3","22.3553","NA","NA","NA"
"63023","Mx-2470_5","1","13","1","1.41238","1.74","18.828499999999998","3.2789999999999999","4.2619999999999996","23.1"
"63031","Mb-425_1","1","21","1","0.38734800000000003","0.48","19.302499999999998","1.4330000000000001","2.0859999999999999","31.3"
"63034","Mb-431_1","1","24","1","0.13304299999999999","0.18","26.087","0.35799999999999998","0.47899999999999998","25.2"
"63037","Mb-411","1","27","1","0.72358599999999995","0.88","17.7743","1.67","2.3479999999999999","28.9"
"63059","Mb-494_1","1","32","2","0.37994899999999998","0.52","26.9329","0.83699999999999997","1.0720000000000001","21.9"
"63060","Mb-177","1","31","2","0.44081599999999999","0.54","18.3673","2.0920000000000001","2.6509999999999998","21.1"
"63073","Mb-397","1","18","2","0.36382799999999998","0.52","30.033000000000001","1.2330000000000001","1.5649999999999999","21.2"
"63093","Mb-486","1","3","3","0.378913","0.46","17.627700000000001","NA","NA","NA"
"63094","Mb-72","1","4","3","1.0664499999999999","2.06","48.230499999999999","1.163","2.0169999999999999","42.3"
"63097","Mb-965_15","1","7","3","0.31567200000000001","0.44","28.2563","NA","NA","NA"
"63102","Mx-1933_11","1","12","3","2.0322300000000002","2.72","25.285799999999998","2.843","3.9860000000000002","28.7"
"63105","Mb-485_1","1","15","3","0.48296299999999998","0.72","32.921799999999998","2.194","2.8879999999999999","24"
"63123","Mb-383_1","1","33","3","0.42288599999999998","0.62","31.7926","1.44","1.9390000000000001","25.8"
"63129","Mx-1956_15","1","39","3","1.31264","1.66","20.9254","2.7229999999999999","3.339","18.5"
"63139","Mb-969_18","1","32","4","0.76627199999999995","1.08","29.0488","NA","NA","NA"
"63150","Mb-1147_12","1","21","4","1.72133","2.2999999999999998","25.159600000000001","2.609","3.2469999999999999","19.7"
"63158","Mb-488_15","1","13","4","0.92119600000000001","1.1200000000000001","17.750299999999999","2.5339999999999998","3.4449999999999998","26.5"
"63167","Mb-434_1","1","4","4","0.98065899999999995","1.46","32.831600000000002","2.1749999999999998","2.8460000000000001","23.6"
"63168","Mb-399","1","3","4","0.10746600000000001","0.14000000000000001","23.238299999999999","NA","NA","NA"
"63171","Mb-149","1","1","5","3.0005799999999998","3.62","17.111000000000001","4.3540000000000001","5.94","26.7"
"63177","Mb-1086_54","1","7","5","3.0799599999999998","4.76","35.294899999999998","4.5199999999999996","7.4749999999999996","39.5"
"63190","Mb-307","1","20","5","4.3830999999999998","5.78","24.167899999999999","5.7160000000000002","8.6","33.5"
"63196","Mb-144","1","26","5","0.55770699999999995","0.7","20.3276","2.0870000000000002","2.9140000000000001","28.4"
"63203","Mb-490_10","1","33","5","0.117994","0.18","34.447800000000001","0.69599999999999995","0.95899999999999996","27.4"
"63226","Mb-931_12","1","25","6","1.67675","3.06","45.204099999999997","3.8250000000000002","5.55","31.1"
"63234","Mb-910_11","1","17","6","2.76457","4.88","43.3489","3.5230000000000001","6.3120000000000003","44.2"
"63276","Mb-142","1","26","7","0.34451599999999999","0.48","28.2258","1.3779999999999999","1.7270000000000001","20.2"
"63285","Mx-1932_13","1","35","7","1.04514","1.7","38.521000000000001","2.028","2.8690000000000002","29.3"
"63306","Mb-960_20","1","25","8","1.08253","2.36","54.130200000000002","1.627","3.093","47.4"
"63320","Mb-913_17","1","11","8","0.77732500000000004","1.1399999999999999","31.813600000000001","2.7389999999999999","3.548","22.8"
"63334","Mb-167","1","4","9","1.2608699999999999","3","57.970999999999997","1.994","4.0469999999999997","50.7"
"63340","Mb-113","1","10","9","1.6356299999999999","2.6","37.091200000000001","2.3889999999999998","3.62","34"
"63368","Mb-221","1","38","9","6.0635799999999997E-2","0.14000000000000001","56.688699999999997","NA","NA","NA"
"63369","Mb-956_19","1","39","9","0.43813600000000003","0.7","37.409199999999998","2.5030000000000001","3.43","27"
"63372","Mb-1132_52","1","39","10","1.07352","1.76","39.004399999999997","1.1830000000000001","1.6120000000000001","26.6"
"63391","Mb-94","1","20","10","0.10559","0.2","47.204999999999998","3.32E-2","4.7669999999999997E-2","30.4"
"63408","Mb-272","1","3","10","0.34955000000000003","0.5","30.0901","NA","NA","NA"
"63415","Mb-86","1","5","11","1.9416500000000001","4","51.458599999999997","2.2290000000000001","3.6429999999999998","38.799999999999997"
"63431","Mx-1915_12","1","21","11","1.4444999999999999","2.2599999999999998","36.084200000000003","1.74","2.331","25.4"
"63467","Mb-306","1","24","12","1.9866600000000001","3.04","34.649500000000003","2.254","3.069","26.6"
"63472","Mb-1155_33","1","19","12","1.06E-2","1.9630000000000002E-2","46.000999999999998","0.23200000000000001","0.30599999999999999","24.2"
"63507","Mb-310","1","17","13","NA","NA","NA","3.016","5","39.700000000000003"
"63509","Mb-226","1","19","13","0.28442099999999998","0.52","45.303699999999999","NA","NA","NA"
"63526","Mb-787_13","1","36","13","0.12204","0.22","44.5274","0.377","0.53600000000000003","29.6"
"63527","Mb-893_11","1","37","13","3.30585","7.4","55.326300000000003","4.952","9.3940000000000001","47.3"
"63528","Mb-1156_13","1","38","13","1.4295899999999999","3.56","59.8429","2.0150000000000001","4.0410000000000004","50.1"
"63533","Mb-37","1","38","14","0.90537800000000002","2.14","57.692599999999999","1.6259999999999999","3.0390000000000001","46.5"
"63535","Mb-148","1","36","14","2.12676","3.66","41.8919","3.2869999999999999","4.7480000000000002","30.8"
"63592","Mb-297","1","22","15","0.25906600000000002","0.54","52.024799999999999","0.67900000000000005","0.85799999999999998","20.9"
"63637","Mb-1486_1","1","14","16","3.2181899999999999","5.04","36.146999999999998","3.7589999999999999","5.6","32.9"
"63646","Mb-1130_51","1","5","16","3.8807800000000001","5.34","27.3262","6.2709999999999999","9.2170000000000005","32"
"63652","Mb-1205_12","1","2","17","0.23567399999999999","0.31","23.976099999999999","2.9470000000000001","5.2690000000000001","44.1"
"63676","Mb-115","1","26","17","0.32098199999999999","0.45","28.6707","0.94099999999999995","1.369","31.3"
"63679","Mb-1162_20","1","29","17","0.78827499999999995","0.95","17.023700000000002","NA","NA","NA"
"63681","Mb-147","1","31","17","1.1001300000000001","1.5","26.658000000000001","1.494","2.2639999999999998","34"
"63682","Mb-914_13","1","32","17","0.48933599999999999","1.05","53.396500000000003","0.68200000000000005","1.2649999999999999","46.1"
"63684","Mb-958_19","1","34","17","0.20630599999999999","0.3","31.231200000000001","0.68500000000000005","0.92100000000000004","25.6"
"63699","Mb-1485_42","1","32","18","2.3912599999999999","3.55","32.640500000000003","3.2280000000000002","5.516","41.5"
"63705","Mb-935_13","1","26","18","1.68137","2.35","28.452300000000001","4.0090000000000003","5.8","30.9"
"63708","Mx-437_90","1","23","18","2.2403","4.1500000000000004","46.0169","2.9220000000000002","4.5419999999999998","35.700000000000003"
"63725","Mb-140","1","6","18","0.89346499999999995","1.1499999999999999","22.307400000000001","2.0369999999999999","3.1440000000000001","35.200000000000003"
"63738","Mb-508","2","8","1","0.42663899999999999","0.55000000000000004","22.429300000000001","NA","NA","NA"
"63742","Mb-969_18","2","12","1","1.53355","2.4500000000000002","37.405999999999999","2.3620000000000001","3.016","21.7"
"63743","Mb-434_1","2","13","1","0.60131199999999996","0.8","24.835999999999999","1.5780000000000001","1.909","17.399999999999999"
"63747","Mb-486","2","17","1","0.23305799999999999","0.3","22.314","1.669","2.0539999999999998","18.7"
"63758","Mb-494_1","2","28","1","0.79597600000000002","1.05","24.192799999999998","NA","NA","NA"
"63765","Mb-505_1","2","35","1","0.26778800000000003","0.4","33.052900000000001","1.345","1.7709999999999999","24.1"
"63770","Mb-965_15","2","40","1","0.73270400000000002","0.9","18.5885","1.994","2.5","20.2"
"63783","Mb-177","2","28","2","0.73220300000000005","0.9","18.644100000000002","1.54","1.8819999999999999","18.2"
"63813","Mb-74","2","3","3","1.06097","1.35","21.4099","0.61299999999999999","0.76700000000000002","20"
"63822","Mb-502_1","2","12","3","0.96735599999999999","1.75","44.722499999999997","1.593","2.1709999999999998","26.6"
"63828","Mb-490_10","2","18","3","0.18759100000000001","0.3","37.4696","NA","NA","NA"
"63850","Mb-485_1","2","40","3","0.428118","0.55000000000000004","22.160299999999999","1.2330000000000001","1.5049999999999999","18.100000000000001"
"63851","Mb-1147_12","2","40","4","1.2026699999999999","1.75","31.275700000000001","1.3360000000000001","1.931","30.8"
"63859","Mb-431_1","2","32","4","0.55449400000000004","0.8","30.688300000000002","1.246","1.585","21.4"
"63864","Mb-488_15","2","27","4","0.76363999999999999","1.1499999999999999","33.596499999999999","2.004","2.5499999999999998","21.4"
"63870","Mx-2470_5","2","21","4","1.3058799999999999","1.7","23.183399999999999","3.5019999999999998","4.2889999999999997","18.399999999999999"
"63878","Mx-1956_15","2","13","4","2.1539700000000002","2.95","26.984100000000002","1.5740000000000001","2.1230000000000002","25.8"
"63881","Mb-1040_17","2","10","4","0.54","0.75","28","NA","NA","NA"
"63890","Mb-72","2","1","4","1.62663","3.3","50.708199999999998","0.82299999999999995","1.3260000000000001","37.9"
"63898","Mb-961_16","2","8","5","0.73097299999999998","0.9","18.780799999999999","2.2250000000000001","2.6989999999999998","17.600000000000001"
"63908","Mb-188","2","18","5","3.7452399999999999","4.95","24.3386","5.5860000000000003","8.0690000000000008","30.8"
"63910","Mb-1043_32","2","20","5","8.6538500000000004E-2","0.15","42.307699999999997","NA","NA","NA"
"63916","Mb-498_1","2","26","5","0.74046400000000001","1.5","50.6357","0.48299999999999998","0.89800000000000002","46.2"
"63922","Mb-427_1","2","32","5","0.60012299999999996","0.85","29.397300000000001","0.81299999999999994","1.018","20.2"
"63923","Mb-1353_14","2","33","5","0.34761199999999998","0.5","30.477499999999999","NA","NA","NA"
"63942","Mb-146","2","29","6","0.161078","0.3","46.307200000000002","0.64700000000000002","0.80700000000000005","19.8"
"63953","Mb-140","2","18","6","0.522281","0.65","19.649100000000001","1.4970000000000001","1.845","18.899999999999999"
"63969","Mb-1156_13","2","2","6","2.7405499999999998","5.8","52.749099999999999","3.8090000000000002","7.2469999999999999","47.4"
"64003","Mb-297","2","33","7","0.30688700000000002","0.35","12.318099999999999","0.57599999999999996","0.68799999999999994","16.3"
"64012","Mb-1485_42","2","39","8","3.40496","4.45","23.484000000000002","4.5259999999999998","5.9809999999999999","24.3"
"64020","Mb-306","2","31","8","1.3703399999999999","1.708","19.769500000000001","1.7290000000000001","2.1789999999999998","20.6"
"64039","Mb-226","2","12","8","0.41100900000000001","0.6","31.4986","1.5940000000000001","2.06","22.6"
"64042","Mb-1155_33","2","9","8","0.17313000000000001","0.25","30.747900000000001","0.182","0.28799999999999998","36.799999999999997"
"64062","Mx-1915_12","2","12","9","1.84799","2.4","23.000399999999999","1.276","1.575","19"
"64066","Mb-109","2","16","9","1.0378799999999999","1.9","45.374699999999997","1.675","2.544","34.200000000000003"
"64071","Mb-1056_31","2","21","9","0.41275899999999999","0.5","17.4482","1.214","1.49","18.5"
"64077","Mb-1486_1","2","27","9","3.3433099999999998","4.6500000000000004","28.1008","3.8420000000000001","5.2080000000000002","26.2"
"64086","Mx-437_90","2","36","9","2.0866199999999999","2.8","25.477699999999999","2.1230000000000002","2.5270000000000001","16"
"64120","Mb-310","2","11","10","2.7100399999999998","4.9000000000000004","44.693100000000001","1.756","2.355","25.4"
"64127","Mb-255","2","4","10","0.112895","0.15","24.736799999999999","0.31900000000000001","0.40400000000000003","21"
"64156","Mb-1132_52","2","26","11","1.6344000000000001","1.95","16.1844","0.8","0.95699999999999996","16.5"
"64205","Mb-113","2","6","12","0.94392200000000004","1.2","21.3399","1.8540000000000001","2.2160000000000002","16.3"
"64238","Mb-910_11","2","28","13","3.6798299999999999","6.3","41.59","4.1959999999999997","7.1029999999999998","40.9"
"64257","Mb-104","2","34","14","0.97381200000000001","1.5","35.0792","2.2490000000000001","3.274","31.3"
"64281","Mb-974_19","2","10","14","3.34226","4.1500000000000004","19.4636","3.4769999999999999","5.1710000000000003","32.799999999999997"
"64284","Mb-86","2","7","14","1.7821199999999999","2.2000000000000002","18.994399999999999","1.992","2.5619999999999998","22.2"
"64309","Mb-148","2","19","15","1.9230400000000001","2.35","18.168600000000001","2.2040000000000002","2.931","24.8"
"64311","Mb-307","2","21","15","3.6678199999999999","5","26.643599999999999","4.8099999999999996","6.0819999999999999","20.9"
"64339","Mb-272","2","32","16","0.34043499999999999","0.45","24.347799999999999","2.056","2.476","17"
"64371","Mb-9","2","1","17","0.26769500000000002","0.35","23.515599999999999","1.0609999999999999","1.341","20.9"
"64372","Mb-142","2","2","17","0.83623000000000003","1","16.376999999999999","2.6339999999999999","3.29","19.899999999999999"
"64376","Mb-149","2","6","17","2.5647500000000001","3.15","18.5792","5.24","7.0380000000000003","25.6"
"64382","Mb-1086_54","2","12","17","4.4796699999999996","6.75","33.634500000000003","5.5810000000000004","8.9510000000000005","37.6"
"64385","Mb-819_19","2","15","17","7.9415100000000002E-2","0.1","20.584900000000001","0.14499999999999999","0.17899999999999999","18.8"
"64389","Mb-2","2","19","17","1.8606100000000001","2.2999999999999998","19.103899999999999","3.2130000000000001","4.3899999999999997","26.8"
"64398","Mb-956_19","2","28","17","0.65149699999999999","0.8","18.562899999999999","NA","NA","NA"
"64404","Mb-1162_20","2","34","17","0.84082800000000002","1","15.917199999999999","2.0329999999999999","2.5099999999999998","19"
"64436","Mx-1932_13","2","15","18","1.4653700000000001","1.9","22.8751","2.4609999999999999","3.2410000000000001","24.1"
"64442","Mb-102","2","9","18","1.86799","2.95","36.678400000000003","2.4990000000000001","3.7610000000000001","33.6"
"64452","Mb-490_10","3","2","1","8.1606200000000004E-2","0.1","18.393799999999999","NA","NA","NA"
"64459","Mx-1956_15","3","9","1","1.7394000000000001","2.15","19.0975","2.2130000000000001","2.9","23.7"
"64463","Mb-393_1","3","13","1","0.123736","0.15","17.509399999999999","0.39100000000000001","0.5","21.8"
"64468","Mx-1933_11","3","18","1","2.8071199999999998","3.45","18.6343","0.157","0.22","28.7"
"64480","Mb-177","3","30","1","0.53487700000000005","0.65","17.711200000000002","1.198","1.46","17.899999999999999"
"64492","Mb-969_18","3","39","2","0.29241200000000001","0.45","35.019500000000001","NA","NA","NA"
"64509","Mb-427_1","3","22","2","0.116484","0.15","22.343900000000001","0.51700000000000002","0.64800000000000002","20.3"
"64514","Mb-485_1","3","17","2","0.16672899999999999","0.3","44.4238","0.34","0.46","26.1"
"64516","Mb-1147_12","3","15","2","1.2778799999999999","1.65","22.552900000000001","1.6879999999999999","2.2200000000000002","24"
"64523","Mb-144","3","8","2","0.86977800000000005","1.1499999999999999","24.367100000000001","NA","NA","NA"
"64533","Mb-1040_17","3","3","3","0.112997","0.15","24.668700000000001","0.59699999999999998","0.78","23.4"
"64594","Mb-494_1","3","17","4","0.67086599999999996","0.8","16.1417","NA","NA","NA"
"64601","Mb-399","3","10","4","0.251552","0.35","28.128","NA","NA","NA"
"64607","Mb-72","3","4","4","0.38201800000000002","0.65","41.228099999999998","1.018","1.78","42.8"
"64616","Mb-1156_13","3","6","5","2.4387099999999999","4.7","48.112499999999997","2.8540000000000001","5.6","49"
"64617","Mb-787_13","3","7","5","0.28070899999999999","0.35","19.7973","0.92600000000000005","1.24","25.3"
"64634","Mb-965_15","3","24","5","0.114344","0.15","23.770499999999998","0.47199999999999998","0.66","28.5"
"64679","Mb-1162_20","3","12","6","0.79463499999999998","0.95","16.354199999999999","2.5150000000000001","3.04","17.3"
"64681","Mb-1086_54","3","10","6","3.1477200000000001","5.15","38.879199999999997","4.7510000000000003","7.5819999999999999","37.299999999999997"
"64693","Mb-1132_52","3","3","7","0.77485199999999999","0.9","13.9053","0.94499999999999995","1.1399999999999999","17.100000000000001"
"64715","Mb-306","3","25","7","0.25016300000000002","0.35","28.524899999999999","0.68799999999999994","0.94","26.9"
"64772","Mb-148","3","2","9","1.33172","1.65","19.2897","1.6539999999999999","3.02","45.2"
"64806","Mx-1915_12","3","36","9","0.66114899999999999","0.95","30.4054","0.90100000000000002","1.3","30.7"
"64809","Mb-2","3","39","9","0.80083499999999996","0.95","15.701599999999999","1.897","2.68","29.2"
"64817","Mb-1485_42","3","34","10","3.7766999999999999","4.8499999999999996","22.129899999999999","4.399","6.52","32.5"
"64820","Mb-309","3","31","10","0.85124299999999997","1.65","48.409500000000001","1.887","2.56","26.3"
"64829","Mx-1932_13","3","22","10","2.4857100000000001","2.9","14.2857","2.6640000000000001","3.68","27.6"
"64851","Mb-37","3","1","11","NA","NA","NA","NA","NA","NA"
"64852","Mb-956_19","3","2","11","1.3039700000000001","1.5","13.0687","1.637","2.02","19"
"64900","Mb-272","3","31","12","NA","NA","NA","NA","NA","NA"
"64952","Mb-188","3","22","13","2.3240599999999998","3.1","25.0303","4.1319999999999997","5.64","26.7"
"64986","Mx-437_90","3","25","14","2.1572","2.4500000000000002","11.9512","2.657","3.54","24.9"
"65004","Mb-1486_1","3","7","14","3.13592","3.65","14.0845","3.0539999999999998","4.5","32.1"
"65005","Mb-166","3","6","14","0.776007","1.45","46.482300000000002","1.4950000000000001","2.58","42"
"65011","Mb-31","3","1","15","1.3943399999999999","1.6","12.8537","0.42099999999999999","0.56000000000000005","24.8"
"65105","Mb-221","3","15","17","0.31650600000000001","0.5","36.698700000000002","0.73099999999999998","1.1000000000000001","33.6"
"65119","Mb-961_16","3","29","17","1.41994","1.65","13.943199999999999","1.734","2.16","19.7"
"65124","Mb-307","3","34","17","NA","NA","NA","NA","NA","NA"
"65163","Mb-142","3","8","18","8.3762900000000001E-2","0.1","16.237100000000002","0.98299999999999998","1.24","20.7"
"74825","Mb-1037_52","1","30","6","NA","NA","NA","NA","NA","NA"
"74829","Mb-1067_18","1","18","3","0.54976100000000006","0.86","36.074300000000001","1.9650000000000001","3.0790000000000002","36.200000000000003"
"74839","Mb-1182_16","1","12","13","1.51617","4.62","67.182599999999994","3.218","6.5119999999999996","50.6"
"74965","Mb-526_13","1","37","2","0.472472","0.57999999999999996","18.539300000000001","0.91","1.1359999999999999","19.899999999999999"
"74966","Mb-527_1","1","39","6","0.39239800000000002","0.5","21.520299999999999","1.2809999999999999","1.599","19.899999999999999"
"74976","Mb-585_1","1","31","11","NA","NA","NA","NA","NA","NA"
"74993","Mb-770_18","1","29","4","NA","NA","NA","NA","NA","NA"
"75004","Mb-819_19","1","14","11","3.6596099999999999E-2","0.06","39.006599999999999","0.23400000000000001","0.29799999999999999","21.6"
"75012","Mb-928_18","1","39","14","0.34937299999999999","0.8","56.328400000000002","1.337","2.552","47.6"
"75013","Mb-930","1","10","10","1.2860400000000001","2.84","54.716999999999999","1.609","3.0139999999999998","46.6"
"75019","Mb-974_19","1","23","2","0.305954","0.54","43.341900000000003","1.212","1.8149999999999999","33.200000000000003"
"75020","Mb-99","1","30","14","1.0570600000000001","2.02","47.670200000000001","2.032","3.0760000000000001","33.9"
"75075","Mb-810_11","1","5","2","0.248556","0.3","17.148","NA","NA","NA"
"75251","Mb-1037_52","2","33","6","0.29958299999999999","0.35","14.404999999999999","NA","NA","NA"
"75252","Mb-1044_50","2","31","9","0.27013900000000002","0.35","22.817499999999999","0.63500000000000001","0.75600000000000001","16"
"75263","Mb-1153_20","2","31","6","2.75","5.5","50","4.3739999999999997","8.1189999999999998","46.1"
"75275","Mb-1205_12","2","37","10","1.85965","2.65","29.8246","2.0329999999999999","3.169","35.799999999999997"
"75286","Mb-1231_18","2","40","5","1.0680499999999999","1.95","45.228200000000001","3.1280000000000001","5.1130000000000004","38.799999999999997"
"75290","Mb-1261_15","2","11","12","0.41541","0.5","16.917999999999999","1.9","2.2400000000000002","15.2"
"75402","Mb-527_1","2","15","7","0.468696","0.55000000000000004","14.7826","0.99","1.214","18.5"
"75412","Mb-585_1","2","33","11","0.73322699999999996","0.95","22.818200000000001","1.69","2.0299999999999998","16.7"
"75431","Mb-770_18","2","16","6","0.24371499999999999","0.3","18.761700000000001","0.53700000000000003","0.65200000000000002","17.600000000000001"
"75438","Mb-810_11","2","10","9","4.58E-2","5.756E-2","20.430900000000001","0.51900000000000002","0.628","17.3"
"75448","Mb-893_11","2","20","6","2.0783900000000002","4.5","53.813600000000001","3.238","5.9450000000000003","45.5"
"75453","Mb-913_17","2","21","1","1.16252","1.4","16.962800000000001","2.8149999999999999","3.3940000000000001","17.100000000000001"
"75455","Mb-928_18","2","9","10","2.5872000000000002","4.55","43.138500000000001","0.95599999999999996","1.1599999999999999","17.600000000000001"
"75457","Mb-933_11","2","21","7","2.7508499999999998","5.15","46.5854","4.2729999999999997","7.4320000000000004","42.5"
"75458","Mb-935_13","2","12","10","0.87025300000000005","1.25","30.3797","9.9750000000000005E-2","0.1305","23.6"
"75476","Mx-1933_11","2","2","11","0.76185199999999997","0.9","15.3498","1.0760000000000001","1.3120000000000001","18"
"75497","Mx-2446_1","2","16","15","1.5777600000000001","2.9","45.594700000000003","3.4620000000000002","5.8929999999999998","41.3"
"75528","Mb-1067_18","3","11","1","0.30756699999999998","0.45","31.651800000000001","1.1499999999999999","2.14","46.2"
"75539","Mb-1153_20","3","1","14","2.57395","4.6500000000000004","44.6462","3.2290000000000001","6.34","49.1"
"75554","Mb-1205_12","3","10","2","1.78624","2.1","14.9412","2.71","3.5779999999999998","24.3"
"75565","Mb-1231_18","3","1","1","1.9181999999999999","3.7","48.156799999999997","3.3380000000000001","5.98","44.2"
"75570","Mb-1261_15","3","17","3","0.38242500000000001","0.45","15.0168","NA","NA","NA"
"75690","Mb-526_13","3","13","10","4.0239700000000003E-2","0.05","19.520499999999998","0.503","0.62","19"
"75719","Mb-770_18","3","6","2","0.130189","0.15","13.2075","0.748","0.9","16.8"
"75727","Mb-810_11","3","18","10","0.125612","0.15","16.258700000000001","5.7099999999999998E-2","8.1549999999999997E-2","30"
"75733","Mb-819_19","3","11","2","0.117103","0.15","21.931000000000001","0.65100000000000002","0.78","16.600000000000001"
"75740","Mb-913_17","3","20","8","0.473383","0.55000000000000004","13.930300000000001","1.1839999999999999","1.58","25.1"
"75742","Mb-928_18","3","19","1","1.0052099999999999","2.2000000000000002","54.308599999999998","3.806","6.5","41.4"
"75743","Mb-930","3","33","6","0.93329200000000001","2.25","58.520299999999999","1.9279999999999999","3.3","41.6"
"75744","Mb-931_12","3","36","8","0.36401800000000001","0.65","43.997300000000003","1.1259999999999999","1.56","27.8"
"75745","Mb-933_11","3","24","10","1.33846","2.1","36.2637","1.627","2.2799999999999998","28.7"
"75753","Mb-974_19","3","17","12","1.59565","2.7","40.901800000000001","2.5289999999999999","3.8","33.5"
"75754","Mb-99","3","34","8","0.23421500000000001","0.35","33.081299999999999","0.81899999999999995","1.1000000000000001","25.5"
"75755","Mx-1548_12","3","17","5","0.78573800000000005","1.05","25.1678","1.444","1.86","22.3"
"76079","Mb-508","1","24","8","1.83E-2","2.9649999999999999E-2","38.279899999999998","NA","NA","NA"
"76082","Mb-505_1","1","27","16","0.20367299999999999","0.44","53.710700000000003","2.206","3.1160000000000001","29.2"
"76083","Mb-74","1","21","15","0.289329","0.5","42.1342","0.64300000000000002","0.84","23.5"
"76084","Mb-502_1","1","33","18","0.20935699999999999","0.4","47.660800000000002","1.2070000000000001","2.1429999999999998","43.7"
"76086","Mb-1043_32","1","12","12","4.0300000000000002E-2","5.4239999999999997E-2","25.700600000000001","0.28100000000000003","0.36799999999999999","23.7"
"76087","Mb-498_1","1","26","3","0.20396600000000001","0.4","49.008499999999998","0.624","0.91600000000000004","31.9"
"76089","Mb-1353_14","1","24","17","9.4727099999999995E-2","0.15","36.848599999999998","6.6379999999999999","8.7929999999999993","24.5"
"76090","Mb-146","1","28","13","0.17846200000000001","0.4","55.384599999999999","0.28999999999999998","0.39700000000000002","27"
"76100","Mb-1056_31","1","10","5","2.3050000000000001E-2","2.734E-2","15.6913","1.0489999999999999E-2","1.4189999999999999E-2","26.1"
"76104","Mb-255","1","8","18","6.3499999999999997E-3","8.6899999999999998E-3","26.927499999999998","NA","NA","NA"
"76110","Mb-104","1","39","4","0.309724","0.42","26.2562","1.8520000000000001","2.5979999999999999","28.7"
"76116","Mb-9","1","1","18","0.44650200000000001","0.55000000000000004","18.817699999999999","0.55100000000000005","0.77800000000000002","29.2"
"76121","Mb-102","1","23","10","9.3741000000000005E-2","0.16","41.411900000000003","0.46500000000000002","0.76700000000000002","39.4"
"76133","Mb-309","1","17","18","0.20792099999999999","0.45","53.795400000000001","1.0409999999999999","1.6779999999999999","38"
"76137","Mb-166","1","10","2","6.2899999999999998E-2","0.13120000000000001","52.057899999999997","NA","NA","NA"
"76154","Mx-1548_12","1","23","1","4.36E-2","7.0400000000000004E-2","38.068199999999997","0.31","0.40300000000000002","23.1"
"76158","Mb-425_1","2","27","6","0.11887499999999999","0.15","20.75","NA","NA","NA"
"76160","Mb-411","2","19","10","0.28092099999999998","0.4","29.7697","NA","NA","NA"
"76162","Mb-397","2","19","7","0.17066799999999999","0.25","31.732800000000001","0.307","0.46200000000000002","33.5"
"76169","Mb-383_1","2","31","3","0.10681300000000001","0.15","28.791599999999999","0.53800000000000003","0.67","19.7"
"76173","Mb-149","2","13","17","3.2631599999999997E-2","0.05","34.736800000000002","4.1750000000000002E-2","6.4549999999999996E-2","35.299999999999997"
"76187","Mb-167","2","17","11","0.197601","0.4","50.599600000000002","0.623","0.98499999999999999","36.700000000000003"
"76191","Mb-94","2","34","10","NA","0.01","NA","NA","NA","NA"
"76216","Mb-1130_51","2","25","10","7.9120099999999999E-2","0.1","20.879899999999999","2.82","3.802","25.8"
"76221","Mb-147","2","40","14","0.20331099999999999","0.25","18.6755","0.72499999999999998","0.98299999999999998","26.2"
"76222","Mb-914_13","2","7","10","0.481632","0.95","49.301900000000003","0.58299999999999996","1.024","43.1"
"76230","Mb-393_1","2","38","10","0.120339","0.15","19.774000000000001","0.30599999999999999","0.38500000000000001","20.6"
"76240","Mb-309","2","27","18","0.71569700000000003","1.25","42.744300000000003","1.796","2.7810000000000001","35.4"
"76244","Mb-166","2","39","13","4.8985500000000001E-2","0.1","51.014499999999998","0.224","0.36","37.9"
"76245","Mb-31","2","33","17","0.386853","0.5","22.629300000000001","0.33400000000000002","0.48499999999999999","31.2"
"76255","Mb-498_1","3","1","18","2.6372E-2","0.05","47.256100000000004","2.53E-2","8.9200000000000002E-2","71.599999999999994"
"76256","Mb-147","3","2","17","0.26575300000000002","0.4","33.561599999999999","1.6319999999999999","2.06","20.8"
"76262","Mb-502_1","3","4","14","3.40617E-2","0.05","31.8766","6.9000000000000006E-2","0.12","42.3"
"76264","Mb-146","3","5","2","0.114588","0.15","23.607800000000001","0.33900000000000002","0.54","37.200000000000003"
"76272","Mb-505_1","3","10","9","7.8194200000000005E-2","0.1","21.805800000000001","0.29199999999999998","0.46","36.4"
"76275","Mb-102","3","11","7","0.195046","0.35","44.272399999999998","0.41499999999999998","0.64300000000000002","35.4"
"76282","Mb-74","3","14","5","3.38667E-2","0.05","32.2667","6.0999999999999999E-2","8.7650000000000006E-2","30.4"
"76284","Mb-508","3","15","11","4.0652199999999999E-2","0.05","18.695699999999999","7.4950000000000003E-2","0.1017","26.3"
"76289","Mb-109","3","17","6","0.27066699999999999","0.4","32.333300000000001","1.5449999999999999","2.2599999999999998","31.7"
"76308","Mb-425_1","3","25","15","3.4250000000000003E-2","0.04","14.375","0.122","0.16","23.8"
"76313","Mb-383_1","3","26","9","0.16939499999999999","0.2","15.3025","0.29299999999999998","0.443","33.9"
"76315","Mb-1353_14","3","26","10","8.2162200000000005E-2","0.1","17.837800000000001","0.34","0.42","19"
"76319","Mb-149","3","28","7","0.25484400000000001","0.4","36.289000000000001","1.3720000000000001","1.86","26.2"
"76323","Mb-94","3","29","15","4.4371099999999997E-2","0.05","11.2578","6.3E-2","0.08","20.6"
"76325","Mb-1130_51","3","29","16","0.29486299999999999","0.35","15.753399999999999","0.88600000000000001","1.24","28.6"
"76330","Mb-1056_31","3","30","18","6.1999999999999998E-3","8.2000000000000007E-3","24.3902","4.2799999999999998E-2","5.3900000000000003E-2","20.6"
"76331","Mb-104","3","30","11","2.6800000000000001E-2","3.1399999999999997E-2","14.649699999999999","0.66200000000000003","0.84","21.2"
"76364","Mb-115","3","37","16","2.2499999999999998E-3","3.9500000000000004E-3","43.037999999999997","0.79","1.04","24"
"76366","Mb-1043_32","3","37","12","8.5819099999999995E-2","0.1","14.180899999999999","0.38500000000000001","0.46","16.2"
"76368","Mb-397","3","38","4","NA","NA","NA","NA","NA","NA"
"76372","Mb-255","3","38","12","0.121491","0.15","19.005800000000001","0.25600000000000001","0.32","20"
"76375","Mb-167","3","39","1","8.1684499999999993E-2","0.15","45.543700000000001","0.26","0.42","38.1"
"76377","Mb-9","3","39","10","0.12820100000000001","0.15","14.532999999999999","0.371","0.46","19.399999999999999"
"76381","Mb-411","3","40","17","3.4486200000000002E-2","0.05","31.027699999999999","6.9949999999999998E-2","9.4600000000000004E-2","26.1"
"76663","Mb-110","1","1","24","0.174035","0.35","50.275700000000001","0.34200000000000003","0.60099999999999998","43.2"
"76679","Mb-539_1","1","3","24","0.159859","0.2","20.070399999999999","0.19400000000000001","0.248","21.9"
"76697","Mb-229","1","5","26","0.12006","0.15","19.959700000000002","0.33700000000000002","0.46600000000000003","27.8"
"76709","Mb-111","1","7","22","0.18573899999999999","0.25","25.7042","0.47299999999999998","0.69799999999999995","32.200000000000003"
"76711","Mb-308","1","7","24","NA","0.8","NA","1.6339999999999999","2.4510000000000001","33.299999999999997"
"76769","Mb-353","1","14","26","1.7850000000000001E-2","2.3099999999999999E-2","22.7273","NA","NA","NA"
"76777","Mb-391","1","15","26","3.9001599999999997E-2","0.05","21.9969","8.5550000000000001E-2","0.1197","28.5"
"76797","Mb-533_1","1","18","22","0.37270799999999998","0.55000000000000004","32.234999999999999","1.141","1.4770000000000001","22.7"
"76800","Mb-779_14","1","18","25","0.205345","0.3","31.5517","0.219","0.28299999999999997","22.7"
"76808","Mb-14","1","19","25","0.84418300000000002","1.1499999999999999","26.5928","1.2929999999999999","1.714","24.5"
"76824","Mb-76","1","21","25","6.6241099999999997E-2","0.1","33.758899999999997","3.6450000000000003E-2","5.1799999999999999E-2","29.6"
"76832","Mb-851_1","1","22","25","NA","NA","NA","NA","NA","NA"
"76863","Mb-416","1","26","24","0.18399299999999999","0.25","26.4026","0.30299999999999999","0.40799999999999997","25.6"
"76921","Mb-401","1","33","26","0.11469500000000001","0.15","23.536799999999999","NA","NA","NA"
"76941","Mb-1139_19","1","36","22","0.59249700000000005","1.25","52.600299999999997","1.782","2.7269999999999999","34.700000000000003"
"76961","Mb-1238_1","1","38","26","0.13425300000000001","0.2","32.873600000000003","0.33600000000000002","0.45200000000000001","25.6"
"76968","Mb-35","1","39","25","0.21526500000000001","0.3","28.245100000000001","0.311","0.40200000000000002","22.6"
"76969","Mb-884_1","1","39","26","0.113848","0.15","24.101199999999999","0.125","0.151","17"
"76973","Mb-628_1","1","40","22","0.113188","0.15","24.5413","4.6600000000000003E-2","6.0449999999999997E-2","22.9"
"76975","Mb-3","1","40","24","0.13361000000000001","0.25","46.556100000000001","0.47399999999999998","0.69899999999999995","32.200000000000003"
"76979","Mb-111","3","1","20","0.116218","0.15","22.5212","0.17599999999999999","0.26","32.299999999999997"
"76980","Mb-1238_1","3","1","21","0.15696199999999999","0.2","21.518999999999998","0.66600000000000004","0.96","30.7"
"76991","Mb-884_1","3","3","20","2.1850000000000001E-2","3.1800000000000002E-2","31.289300000000001","0.26400000000000001","0.34","22.4"
"77004","Mb-779_14","3","5","21","2.7699999999999999E-2","3.5499999999999997E-2","21.971800000000002","0.217","0.29199999999999998","25.6"
"77009","Mb-110","3","6","20","3.2636400000000003E-2","0.05","34.7273","8.5000000000000006E-2","0.18","52.8"
"77010","Mb-229","3","6","21","NA","3.9199999999999999E-2","NA","0.14299999999999999","0.20599999999999999","30.8"
"77014","Mb-533_1","3","7","19","6.6783999999999996E-2","0.1","33.216000000000001","0.33","0.52","36.5"
"77015","Mb-3","3","7","20","0.101286","0.15","32.475900000000003","0.82599999999999996","1.24","33.4"
"77033","Mb-539_1","3","10","20","0.11917800000000001","0.15","20.547899999999998","8.1000000000000003E-2","0.1","19.3"
"77041","Mb-391","3","11","22","4.1323499999999999E-2","0.05","17.352900000000002","7.2999999999999995E-2","0.1","26.7"
"77045","Mb-76","3","12","20","3.39041E-2","0.05","32.191800000000001","0.157","0.24","34.5"
"77047","Mb-353","3","12","22","NA","NA","NA","NA","NA","NA"
"77093","Mb-851_1","3","20","20","3.6363600000000003E-2","0.05","27.2727","2.23E-2","6.7299999999999999E-2","66.900000000000006"
"77105","Mb-401","3","22","20","NA","NA","NA","NA","NA","NA"
"77106","Mb-308","3","22","21","2.3602499999999998E-2","0.05","52.795000000000002","0.13900000000000001","0.26","46.6"
"77164","Mb-628_1","3","30","25","5.8999999999999999E-3","8.2000000000000007E-3","28.0488","8.2000000000000007E-3","1.255E-2","34.700000000000003"
"77199","Mb-1139_19","3","35","25","0.16569999999999999","0.3","44.7667","0.70099999999999996","1.24","43.4"
"77270","Mb-533_1","2","15","20","2.5000000000000001E-2","3.4200000000000001E-2","26.900600000000001","0.315","0.47","32.9"
"77307","Mb-779_14","2","20","22","2.3999999999999998E-3","4.45E-3","46.067399999999999","7.0000000000000007E-2","9.5000000000000001E-2","25.8"
"77313","Mb-111","2","21","21","5.7999999999999996E-3","7.1999999999999998E-3","19.444400000000002","2.035E-2","2.8000000000000001E-2","27.3"
"77322","Mb-110","2","22","22","5.4597699999999999E-2","0.1","45.402299999999997","0.15","0.27200000000000002","44.7"
"77334","Mb-1139_19","2","23","26","0.27847699999999997","0.5","44.304600000000001","0.43","0.84","48.8"
"77337","Mb-308","2","24","21","0.122573","0.25","50.9709","0.56000000000000005","0.89300000000000002","37.299999999999997"
"77354","Mb-70","2","26","22","7.1000000000000004E-3","1.315E-2","46.007599999999996","8.1250000000000003E-2","0.13014999999999999","37.6"
"77366","Mb-628_1","2","27","26","0.16500000000000001","0.2","17.5","0.224","0.29699999999999999","24.6"
"77409","Mb-1238_1","2","32","22","0.14113899999999999","0.25","43.5443","0.47099999999999997","0.66300000000000003","29"
"77422","Mb-35","2","34","19","7.7777799999999994E-2","0.1","22.222200000000001","0.161","0.217","25.7"
"77425","Mb-401","2","34","22","NA","NA","NA","NA","NA","NA"
"77430","Mb-416","2","35","19","0.115852","0.15","22.7654","8.5999999999999993E-2","0.111","22.9"
"77442","Mb-884_1","2","36","23","3.91204E-2","0.05","21.7593","6.3E-2","8.2000000000000003E-2","22.7"
"77466","Mb-14","2","39","23","0.22049199999999999","0.35","37.002299999999998","0.69","0.99199999999999999","30.5"
"77472","Mb-3","2","4","21","0.44038500000000003","0.75","41.2821","1.2210000000000001","1.9690000000000001","38"
"77481","Mb-76","2","40","23","NA","NA","NA","NA","NA","NA"
"77485","Mb-391","2","5","19","0.123404","0.15","17.730499999999999","7.9000000000000001E-2","0.1009","21.7"
"77513","Mb-229","2","9","19","2.3900000000000001E-2","3.6999999999999998E-2","35.4054","0.10299999999999999","0.15","31.2"
"77529","Mb-539_1","2","2","21","7.8764500000000001E-2","0.1","21.235499999999998","0.09","0.13500000000000001","33.5"
