"UID","Genotype","Pheno_date","Year","Location","Dry_matter_plant","Fresh_weight_plant","Moisture_content"
70349,"Mb-2","24-Mar-14",2014,"JKI 15 AM-R3 C1",0.192329,0.27,28.7671
70352,"Mb-9","24-Mar-14",2014,"JKI 15 AM-R6 C1",0.0256452,0.03,14.5161
70353,"Mb-14","24-Mar-14",2014,"JKI 15 AM-R7 C1",0.151327,0.19,20.354
70355,"Mb-31","24-Mar-14",2014,"JKI 15 AM-R9 C1",0.143704,0.2,28.1481
70356,"Mb-35","24-Mar-14",2014,"JKI 15 AM-R10 C1",0.138347,0.18,23.1405
70357,"Mb-37","24-Mar-14",2014,"JKI 15 AM-R11 C1",0.0874107,0.11,20.5357
70359,"Mb-70","24-Mar-14",2014,"JKI 15 AM-R13 C1",0.136923,0.16,14.4231
70360,"Mb-72","24-Mar-14",2014,"JKI 15 AM-R14 C1",0.119277,0.18,33.7349
70361,"Mb-74","24-Mar-14",2014,"JKI 15 AM-R15 C1",0.0538938,0.07,23.0089
70362,"Mb-76","24-Mar-14",2014,"JKI 15 AM-R16 C1",0.216667,0.26,16.6667
70366,"Mb-86","24-Mar-14",2014,"JKI 15 AM-R17 C2",0.0765217,0.11,30.4348
70367,"Mb-94","24-Mar-14",2014,"JKI 15 AM-R16 C2",0.0164557,0.02,17.7215
70368,"Mb-102","24-Mar-14",2014,"JKI 15 AM-R15 C2",0.0694565,0.09,22.8261
70369,"Mb-104","24-Mar-14",2014,"JKI 15 AM-R14 C2",0.303489,0.45,32.5581
70370,"Mb-99","24-Mar-14",2014,"JKI 15 AM-R13 C2",0.117253,0.15,21.831
70371,"Mb-109","24-Mar-14",2014,"JKI 15 AM-R12 C2",0.116728,0.17,31.3364
70372,"Mb-110","24-Mar-14",2014,"JKI 15 AM-R11 C2",0.258964,0.34,23.8342
70373,"Mb-111","24-Mar-14",2014,"JKI 15 AM-R10 C2",0.149195,0.19,21.4765
70374,"Mb-113","24-Mar-14",2014,"JKI 15 AM-R9 C2",0.133044,0.17,21.7391
70375,"Mb-115","24-Mar-14",2014,"JKI 15 AM-R8 C2",0.0674782,0.08,15.6522
70378,"Mb-140","24-Mar-14",2014,"JKI 15 AM-R5 C2",0.37,0.37,NA
70379,"Mb-142","24-Mar-14",2014,"JKI 15 AM-R4 C2",0.22575,0.28,19.375
70380,"Mb-144","24-Mar-14",2014,"JKI 15 AM-R3 C2",0.3058,0.44,30.5
70381,"Mb-146","24-Mar-14",2014,"JKI 15 AM-R2 C2",0.372836,0.47,20.6731
70384,"Mb-147","24-Mar-14",2014,"JKI 15 AM-R2 C3",0.61,0.61,NA
70385,"Mb-148","24-Mar-14",2014,"JKI 15 AM-R3 C3",0.713905,0.99,27.8884
70386,"Mb-149","24-Mar-14",2014,"JKI 15 AM-R4 C3",0.397059,0.54,26.4706
70387,"Mb-166","24-Mar-14",2014,"JKI 15 AM-R5 C3",0.0896202,0.12,25.3165
70388,"Mb-167","24-Mar-14",2014,"JKI 15 AM-R6 C3",0.232152,0.31,25.1121
70389,"Mb-177","24-Mar-14",2014,"JKI 15 AM-R7 C3",0.178095,0.22,19.0476
70390,"Mb-99","24-Mar-14",2014,"JKI 15 AM-R8 C3",0.26366,0.33,20.1031
70392,"Mb-188","24-Mar-14",2014,"JKI 15 AM-R10 C3",0.195026,0.25,21.9895
70393,"Mb-221","24-Mar-14",2014,"JKI 15 AM-R11 C3",0.091826,0.12,23.4783
70394,"Mb-226","24-Mar-14",2014,"JKI 15 AM-R12 C3",0.534483,0.62,13.7931
70395,"Mb-229","24-Mar-14",2014,"JKI 15 AM-R13 C3",0.051827,0.07,25.9615
70397,"Mb-255","24-Mar-14",2014,"JKI 15 AM-R15 C3",0.0511765,0.06,14.7059
70398,"Mb-272","24-Mar-14",2014,"JKI 15 AM-R16 C3",0.0752688,0.1,24.7312
70399,"Mb-297","24-Mar-14",2014,"JKI 15 AM-R17 C3",0.0527398,0.07,24.6575
70402,"Mb-306","24-Mar-14",2014,"JKI 15 AM-R17 C4",0.20819,0.23,9.48276
70403,"Mb-307","24-Mar-14",2014,"JKI 15 AM-R16 C4",1.14216,1.62,29.4964
70405,"Mb-309","24-Mar-14",2014,"JKI 15 AM-R14 C4",0.546597,0.72,24.0838
70406,"Mb-310","24-Mar-14",2014,"JKI 15 AM-R13 C4",0.488572,0.6,18.5714
70408,"Mb-353","24-Mar-14",2014,"JKI 15 AM-R11 C4",0.3075,0.39,21.1538
70411,"Mb-383_1","24-Mar-14",2014,"JKI 15 AM-R8 C4",0.498017,0.53,6.03448
70412,"Mb-391","24-Mar-14",2014,"JKI 15 AM-R7 C4",0.318966,0.37,13.7931
70413,"Mb-393_1","24-Mar-14",2014,"JKI 15 AM-R6 C4",0.236667,0.27,12.3457
70414,"Mb-397","24-Mar-14",2014,"JKI 15 AM-R5 C4",0.307535,0.38,19.0698
70415,"Mb-399","24-Mar-14",2014,"JKI 15 AM-R4 C4",0.412577,0.46,10.3093
70416,"Mb-99","24-Mar-14",2014,"JKI 15 AM-R3 C4",0.375337,0.51,26.4045
70417,"Mb-401","24-Mar-14",2014,"JKI 15 AM-R2 C4",0.158846,0.21,24.359
70420,"Mb-411","24-Mar-14",2014,"JKI 15 AM-R2 C5",0.208773,0.26,19.7026
70422,"Mb-425_1","24-Mar-14",2014,"JKI 15 AM-R4 C5",0.22551,0.26,13.2653
70423,"Mb-427_1","24-Mar-14",2014,"JKI 15 AM-R5 C5",0.10375,0.12,13.5417
70424,"Mb-431_1","24-Mar-14",2014,"JKI 15 AM-R6 C5",0.068543,0.09,23.8411
70427,"Mb-434_1","24-Mar-14",2014,"JKI 15 AM-R9 C5",0.176344,0.2,11.828
70428,"Mx-437_90","24-Mar-14",2014,"JKI 15 AM-R10 C5",0.716292,0.85,15.7303
70429,"Mb-485_1","24-Mar-14",2014,"JKI 15 AM-R11 C5",0.276825,0.32,13.4921
70430,"Mb-486","24-Mar-14",2014,"JKI 15 AM-R12 C5",0.460492,0.53,13.1148
70431,"Mb-488_15","24-Mar-14",2014,"JKI 15 AM-R13 C5",0.331311,0.39,15.0485
70433,"Mb-490_10","24-Mar-14",2014,"JKI 15 AM-R15 C5",0.371739,0.45,17.3913
70434,"Mb-490_10","24-Mar-14",2014,"JKI 15 AM-R16 C5",0.321634,0.37,13.0719
70435,"Mb-494_1","24-Mar-14",2014,"JKI 15 AM-R17 C5",0.164571,0.24,31.4286
70438,"Mb-498_1","24-Mar-14",2014,"JKI 15 AM-R17 C6",0.0265714,0.03,11.4286
70439,"Mb-502_1","24-Mar-14",2014,"JKI 15 AM-R16 C6",0.815538,0.93,12.3077
70440,"Mb-505_1","24-Mar-14",2014,"JKI 15 AM-R15 C6",0.383091,0.43,10.9091
70441,"Mb-99","24-Mar-14",2014,"JKI 15 AM-R14 C6",0.211147,0.28,24.5902
70442,"Mb-508","24-Mar-14",2014,"JKI 15 AM-R13 C6",0.186667,0.21,11.1111
70445,"Mb-526_13","24-Mar-14",2014,"JKI 15 AM-R10 C6",0.0672341,0.08,15.9574
70446,"Mb-527_1","24-Mar-14",2014,"JKI 15 AM-R9 C6",0.227595,0.31,26.5823
70447,"Mb-533_1","24-Mar-14",2014,"JKI 15 AM-R8 C6",0.0727273,0.1,27.2727
70448,"Mb-539_1","24-Mar-14",2014,"JKI 15 AM-R7 C6",0.018,0.02,10
70451,"Mb-628_1","24-Mar-14",2014,"JKI 15 AM-R4 C6",0.237831,0.28,15.0602
70458,"Mb-770_18","24-Mar-14",2014,"JKI 15 AM-R4 C7",0.225661,0.26,13.2075
70462,"Mb-779_14","24-Mar-14",2014,"JKI 15 AM-R8 C7",0.157265,0.23,31.6239
70464,"Mb-99","24-Mar-14",2014,"JKI 15 AM-R10 C7",0.240863,0.31,22.3022
70467,"Mb-787_13","24-Mar-14",2014,"JKI 15 AM-R13 C7",0.411705,0.47,12.4031
70471,"Mb-810_11","24-Mar-14",2014,"JKI 15 AM-R17 C7",0.34,0.34,NA
70475,"Mb-819_19","24-Mar-14",2014,"JKI 15 AM-R16 C8",0.271846,0.31,12.3077
70476,"Mb-819_19","24-Mar-14",2014,"JKI 15 AM-R15 C8",0.230286,0.26,11.4286
70485,"Mb-884_1","24-Mar-14",2014,"JKI 15 AM-R6 C8",0.175,0.2,12.5
70493,"Mb-893_11","24-Mar-14",2014,"JKI 15 AM-R3 C9",0.123357,0.18,31.4685
70497,"Mb-910_11","24-Mar-14",2014,"JKI 15 AM-R7 C9",0.1863,0.27,31
70498,"Mb-913_17","24-Mar-14",2014,"JKI 15 AM-R8 C9",0.3608,0.41,12
70499,"Mb-914_13","24-Mar-14",2014,"JKI 15 AM-R9 C9",0.182744,0.27,32.3171
70506,"Mb-930","24-Mar-14",2014,"JKI 15 AM-R16 C9",0.0121154,0.015,19.2308
70507,"Mb-931_12","24-Mar-14",2014,"JKI 15 AM-R17 C9",0.124445,0.24,48.1481
70510,"Mb-931_12","24-Mar-14",2014,"JKI 15 AM-R17 C10",0.0947458,0.13,27.1186
70511,"Mb-933_11","24-Mar-14",2014,"JKI 15 AM-R16 C10",0.0902479,0.12,24.7934
70513,"Mb-935_13","24-Mar-14",2014,"JKI 15 AM-R14 C10",0.371304,0.42,11.5942
70514,"Mb-935_13","24-Mar-14",2014,"JKI 15 AM-R31 C10",0.0280702,0.04,29.8246
70517,"Mb-956_19","24-Mar-14",2014,"JKI 15 AM-R10 C10",0.205357,0.23,10.7143
70518,"Mb-956_19","24-Mar-14",2014,"JKI 15 AM-R9 C10",0.412208,0.46,10.3896
70520,"Mb-958_19","24-Mar-14",2014,"JKI 15 AM-R7 C10",0.460685,0.57,19.1781
70522,"Mb-960_20","24-Mar-14",2014,"JKI 15 AM-R5 C10",0.135549,0.19,28.6585
70523,"Mb-961_16","24-Mar-14",2014,"JKI 15 AM-R4 C10",0.0636364,0.08,20.4545
70528,"Mb-965_15","24-Mar-14",2014,"JKI 15 AM-R2 C11",0.220885,0.26,15.0442
70530,"Mb-969_18","24-Mar-14",2014,"JKI 15 AM-R4 C11",0.302913,0.39,22.3301
70532,"Mb-974_19","24-Mar-14",2014,"JKI 15 AM-R6 C11",0.110943,0.14,20.7547
70540,"Mb-1037_52","24-Mar-14",2014,"JKI 15 AM-R14 C11",0.374815,0.44,14.8148
70541,"Mb-1037_52","24-Mar-14",2014,"JKI 15 AM-R15 C11",0.135652,0.16,15.2174
70542,"Mb-1040_17","24-Mar-14",2014,"JKI 15 AM-R16 C11",0.0790909,0.1,20.9091
70543,"Mb-1043_32","24-Mar-14",2014,"JKI 15 AM-R17 C11",0.171667,0.2,14.1667
70546,"Mb-1044_50","24-Mar-14",2014,"JKI 15 AM-R17 C12",0.421978,0.48,12.0879
70549,"Mb-1056_31","24-Mar-14",2014,"JKI 15 AM-R14 C12",0.1034,0.11,6
70552,"Mb-1067_18","24-Mar-14",2014,"JKI 15 AM-R11 C12",0.177627,0.24,25.9887
70556,"Mb-1086_54","24-Mar-14",2014,"JKI 15 AM-R7 C12",0.751926,1.09,31.016
70571,"Mb-1130_51","24-Mar-14",2014,"JKI 15 AM-R9 C13",0.149837,0.19,21.1382
70573,"Mb-1132_52","24-Mar-14",2014,"JKI 15 AM-R11 C13",0.328395,0.38,13.5802
70578,"Mb-1147_12","24-Mar-14",2014,"JKI 15 AM-R16 C13",0.152778,0.22,30.5556
70579,"Mb-1147_12","24-Mar-14",2014,"JKI 15 AM-R17 C13",0.132632,0.18,26.3158
70584,"Mb-1153_20","24-Mar-14",2014,"JKI 15 AM-R15 C14",0.220952,0.24,7.93651
70585,"Mb-1153_20","24-Mar-14",2014,"JKI 15 AM-R14 C14",0.297987,0.37,19.4631
70586,"Mb-1155_33","24-Mar-14",2014,"JKI 15 AM-R13 C14",0.0356757,0.04,10.8108
70587,"Mb-1156_13","24-Mar-14",2014,"JKI 15 AM-R12 C14",0.0983443,0.15,34.4371
70588,"Mb-1162_20","24-Mar-14",2014,"JKI 15 AM-R11 C14",0.467979,0.53,11.7021
70592,"Mb-1182_16","24-Mar-14",2014,"JKI 15 AM-R7 C14",0.231383,0.29,20.2128
70600,"Mb-1205_12","24-Mar-14",2014,"JKI 15 AM-R2 C15",0.182892,0.22,16.8675
70602,"Mb-1231_18","24-Mar-14",2014,"JKI 15 AM-R4 C15",0.23061,0.31,25.6098
70604,"Mb-1238_1","24-Mar-14",2014,"JKI 15 AM-R6 C15",0.00170732,0.002,14.6341
70605,"Mb-1261_15","24-Mar-14",2014,"JKI 15 AM-R7 C15",0.37931,0.44,13.7931
70607,"Mb-1353_14","24-Mar-14",2014,"JKI 15 AM-R9 C15",0.251035,0.28,10.3448
70608,"Mb-1353_14","24-Mar-14",2014,"JKI 15 AM-R10 C15",0.274479,0.31,11.4583
70612,"Mb-1485_42","24-Mar-14",2014,"JKI 15 AM-R14 C15",0.610366,0.77,20.7317
70613,"Mb-1486_1","24-Mar-14",2014,"JKI 15 AM-R15 C15",0.933644,1.11,15.8879
70614,"Mx-1548_12","24-Mar-14",2014,"JKI 15 AM-R16 C15",0.41506,0.53,21.6867
70615,"Mx-1915_12","24-Mar-14",2014,"JKI 15 AM-R17 C15",0.258461,0.32,19.2308
70618,"Mx-1932_13","24-Mar-14",2014,"JKI 15 AM-R17 C16",0.6075,0.81,25
70619,"Mx-1933_11","24-Mar-14",2014,"JKI 15 AM-R16 C16",0.638077,0.79,19.2308
70620,"Mx-1956_15","24-Mar-14",2014,"JKI 15 AM-R15 C16",0.418807,0.55,23.8532
70621,"Mx-2446_1","24-Mar-14",2014,"JKI 15 AM-R14 C16",0.556279,0.78,28.6822
70622,"Mx-2470_5","24-Mar-14",2014,"JKI 15 AM-R13 C16",0.374348,0.41,8.69565
70625,"Mb-2","24-Mar-14",2014,"JKI 15 AM-R21 C1",0.13351,0.18,25.8278
70626,"Mb-3","24-Mar-14",2014,"JKI 15 AM-R22 C1",0.0505036,0.06,15.8273
70628,"Mb-9","24-Mar-14",2014,"JKI 15 AM-R24 C1",0.138686,0.19,27.0073
70629,"Mb-14","24-Mar-14",2014,"JKI 15 AM-R25 C1",0.280612,0.33,14.966
70631,"Mb-31","24-Mar-14",2014,"JKI 15 AM-R27 C1",0.125057,0.17,26.4368
70632,"Mb-35","24-Mar-14",2014,"JKI 15 AM-R28 C1",0.093,0.12,22.5
70633,"Mb-37","24-Mar-14",2014,"JKI 15 AM-R29 C1",0.404305,0.56,27.8027
70635,"Mb-70","24-Mar-14",2014,"JKI 15 AM-R31 C1",0.062906,0.08,21.3675
70636,"Mb-72","24-Mar-14",2014,"JKI 15 AM-R32 C1",0.0164384,0.02,17.8082
70637,"Mb-74","24-Mar-14",2014,"JKI 15 AM-R33 C1",0.041,0.05,18
70638,"Mb-76","24-Mar-14",2014,"JKI 15 AM-R34 C1",0.22875,0.27,15.2778
70642,"Mb-86","24-Mar-14",2014,"JKI 15 AM-R35 C2",0.0492029,0.07,29.7101
70643,"Mb-94","24-Mar-14",2014,"JKI 15 AM-R34 C2",0.0178788,0.02,10.6061
70644,"Mb-102","24-Mar-14",2014,"JKI 15 AM-R33 C2",0.00351064,0.005,29.7872
70645,"Mb-104","24-Mar-14",2014,"JKI 15 AM-R32 C2",0.07,0.08,12.5
70646,"Mb-99","24-Mar-14",2014,"JKI 15 AM-R31 C2",0.377314,0.48,21.393
70647,"Mb-109","24-Mar-14",2014,"JKI 15 AM-R30 C2",0.0581818,0.08,27.2727
70648,"Mb-110","24-Mar-14",2014,"JKI 15 AM-R29 C2",0.230886,0.32,27.8481
70649,"Mb-111","24-Mar-14",2014,"JKI 15 AM-R28 C2",0.0570731,0.09,36.5854
70650,"Mb-113","24-Mar-14",2014,"JKI 15 AM-R27 C2",0.055935,0.08,30.0813
70651,"Mb-115","24-Mar-14",2014,"JKI 15 AM-R26 C2",0.0503226,0.06,16.129
70654,"Mb-140","24-Mar-14",2014,"JKI 15 AM-R23 C2",0.465084,0.56,16.9492
70655,"Mb-142","24-Mar-14",2014,"JKI 15 AM-R22 C2",0.366765,0.43,14.7059
70656,"Mb-144","24-Mar-14",2014,"JKI 15 AM-R21 C2",0.315781,0.47,32.8125
70657,"Mb-146","24-Mar-14",2014,"JKI 15 AM-R20 C2",0.203415,0.24,15.2439
70660,"Mb-147","24-Mar-14",2014,"JKI 15 AM-R20 C3",0.292174,0.42,30.4348
70661,"Mb-148","24-Mar-14",2014,"JKI 15 AM-R21 C3",0.465507,0.66,29.4686
70662,"Mb-149","24-Mar-14",2014,"JKI 15 AM-R22 C3",0.531324,0.71,25.1656
70663,"Mb-166","24-Mar-14",2014,"JKI 15 AM-R23 C3",0.153333,0.22,30.303
70664,"Mb-167","24-Mar-14",2014,"JKI 15 AM-R24 C3",0.228549,0.31,26.2745
70665,"Mb-177","24-Mar-14",2014,"JKI 15 AM-R25 C3",0.461558,0.55,16.0804
70666,"Mb-99","24-Mar-14",2014,"JKI 15 AM-R26 C3",0.528366,0.7,24.5192
70668,"Mb-188","24-Mar-14",2014,"JKI 15 AM-R28 C3",0.732858,0.95,22.8571
70669,"Mb-221","24-Mar-14",2014,"JKI 15 AM-R29 C3",0.0584946,0.08,26.8817
70670,"Mb-226","24-Mar-14",2014,"JKI 15 AM-R30 C3",0.692181,0.81,14.5455
70671,"Mb-229","24-Mar-14",2014,"JKI 15 AM-R31 C3",0.0744681,0.1,25.5319
70674,"Mb-272","24-Mar-14",2014,"JKI 15 AM-R34 C3",0.132284,0.16,17.3228
70675,"Mb-297","24-Mar-14",2014,"JKI 15 AM-R35 C3",0.147826,0.17,13.0435
70678,"Mb-306","24-Mar-14",2014,"JKI 15 AM-R35 C4",0.505,0.61,17.2131
70679,"Mb-307","24-Mar-14",2014,"JKI 15 AM-R34 C4",1.67194,2.25,25.6917
70680,"Mb-308","24-Mar-14",2014,"JKI 15 AM-R33 C4",0.478622,0.63,24.0283
70681,"Mb-309","24-Mar-14",2014,"JKI 15 AM-R32 C4",0.431649,0.53,18.5567
70682,"Mb-310","24-Mar-14",2014,"JKI 15 AM-R31 C4",0.0251163,0.04,37.2093
70684,"Mb-353","24-Mar-14",2014,"JKI 15 AM-R29 C4",0.480975,0.58,17.0732
70687,"Mb-383_1","24-Mar-14",2014,"JKI 15 AM-R26 C4",0.778349,0.95,18.0685
70688,"Mb-391","24-Mar-14",2014,"JKI 15 AM-R25 C4",0.164746,0.27,38.9831
70689,"Mb-393_1","24-Mar-14",2014,"JKI 15 AM-R24 C4",0.211842,0.23,7.8947
70690,"Mb-397","24-Mar-14",2014,"JKI 15 AM-R23 C4",0.108621,0.14,22.4138
70692,"Mb-99","24-Mar-14",2014,"JKI 15 AM-R21 C4",0.154622,0.2,22.6891
70693,"Mb-401","24-Mar-14",2014,"JKI 15 AM-R20 C4",0.121838,0.14,12.973
70696,"Mb-411","24-Mar-14",2014,"JKI 15 AM-R20 C5",0.174231,0.21,17.033
70697,"Mb-416","24-Mar-14",2014,"JKI 15 AM-R21 C5",0.291705,0.34,14.2045
70698,"Mb-425_1","24-Mar-14",2014,"JKI 15 AM-R22 C5",0.0863636,0.1,13.6364
70700,"Mb-431_1","24-Mar-14",2014,"JKI 15 AM-R24 C5",0.161852,0.19,14.8148
70703,"Mb-434_1","24-Mar-14",2014,"JKI 15 AM-R27 C5",0.0802174,0.09,10.8696
70704,"Mx-437_90","24-Mar-14",2014,"JKI 15 AM-R28 C5",0.591429,0.66,10.3896
70705,"Mb-485_1","24-Mar-14",2014,"JKI 15 AM-R29 C5",0.534322,0.65,17.7966
70706,"Mb-486","24-Mar-14",2014,"JKI 15 AM-R30 C5",0.302395,0.38,20.4225
70707,"Mb-488_15","24-Mar-14",2014,"JKI 15 AM-R31 C5",0.125349,0.14,10.4651
70709,"Mb-490_10","24-Mar-14",2014,"JKI 15 AM-R33 C5",0.508056,0.59,13.8889
70710,"Mb-490_10","24-Mar-14",2014,"JKI 15 AM-R34 C5",0.449727,0.51,11.8182
70711,"Mb-494_1","24-Mar-14",2014,"JKI 15 AM-R35 C5",0.208816,0.23,9.21053
70714,"Mb-498_1","24-Mar-14",2014,"JKI 15 AM-R35 C6",0.0058,0.008,27.5
70715,"Mb-502_1","24-Mar-14",2014,"JKI 15 AM-R34 C6",1.06547,1.19,10.4651
70716,"Mb-505_1","24-Mar-14",2014,"JKI 15 AM-R33 C6",0.355575,0.41,13.2743
70717,"Mb-99","24-Mar-14",2014,"JKI 15 AM-R32 C6",0.39168,0.51,23.2
70721,"Mb-526_13","24-Mar-14",2014,"JKI 15 AM-R28 C6",0.121111,0.14,13.4921
70722,"Mb-527_1","24-Mar-14",2014,"JKI 15 AM-R27 C6",0.0960227,0.13,26.1364
70723,"Mb-533_1","24-Mar-14",2014,"JKI 15 AM-R26 C6",0.0713043,0.08,10.8696
70724,"Mb-539_1","24-Mar-14",2014,"JKI 15 AM-R25 C6",0.00904762,0.01,9.52381
70726,"Mb-585_1","24-Mar-14",2014,"JKI 15 AM-R23 C6",0.0297297,0.04,25.6757
70727,"Mb-628_1","24-Mar-14",2014,"JKI 15 AM-R22 C6",0.0796403,0.09,11.5108
70734,"Mb-770_18","24-Mar-14",2014,"JKI 15 AM-R22 C7",0.12379,0.14,11.5789
70738,"Mb-779_14","24-Mar-14",2014,"JKI 15 AM-R26 C7",0.219298,0.25,12.2807
70740,"Mb-99","24-Mar-14",2014,"JKI 15 AM-R28 C7",0.284268,0.37,23.1707
70743,"Mb-787_13","24-Mar-14",2014,"JKI 15 AM-R31 C7",0.361782,0.42,13.8614
70747,"Mb-810_11","24-Mar-14",2014,"JKI 15 AM-R35 C7",0.296326,0.33,10.2041
70751,"Mb-819_19","24-Mar-14",2014,"JKI 15 AM-R34 C8",0.251967,0.29,13.1148
70752,"Mb-819_19","24-Mar-14",2014,"JKI 15 AM-R33 C8",0.264783,0.28,5.43478
70759,"Mb-851_1","24-Mar-14",2014,"JKI 15 AM-R26 C8",0.0986885,0.14,29.5082
70761,"Mb-884_1","24-Mar-14",2014,"JKI 15 AM-R24 C8",0.218182,0.25,12.7273
70769,"Mb-893_11","24-Mar-14",2014,"JKI 15 AM-R21 C9",0.080597,0.1,19.403
70773,"Mb-910_11","24-Mar-14",2014,"JKI 15 AM-R25 C9",0.438709,0.68,35.4839
70774,"Mb-913_17","24-Mar-14",2014,"JKI 15 AM-R26 C9",0.054,0.06,10
70775,"Mb-914_13","24-Mar-14",2014,"JKI 15 AM-R27 C9",0.120375,0.18,33.125
70781,"Mb-928_18","24-Mar-14",2014,"JKI 15 AM-R33 C9",0.21434,0.32,33.0189
70782,"Mb-930","24-Mar-14",2014,"JKI 15 AM-R34 C9",0.233623,0.31,24.6377
70786,"Mb-931_12","24-Mar-14",2014,"JKI 15 AM-R35 C10",0.124724,0.19,34.3558
70787,"Mb-933_11","24-Mar-14",2014,"JKI 15 AM-R34 C10",0.0842592,0.13,35.1852
70789,"Mb-935_13","24-Mar-14",2014,"JKI 15 AM-R32 C10",0.351,0.39,10
70793,"Mb-956_19","24-Mar-14",2014,"JKI 15 AM-R28 C10",0.269286,0.29,7.14286
70794,"Mb-956_19","24-Mar-14",2014,"JKI 15 AM-R27 C10",0.488889,0.55,11.1111
70796,"Mb-958_19","24-Mar-14",2014,"JKI 15 AM-R25 C10",0.606185,0.7,13.4021
70797,"Mb-960_20","24-Mar-14",2014,"JKI 15 AM-R24 C10",0.0907216,0.11,17.5258
70798,"Mb-960_20","24-Mar-14",2014,"JKI 15 AM-R23 C10",0.266667,0.32,16.6667
70799,"Mb-961_16","24-Mar-14",2014,"JKI 15 AM-R22 C10",0.335096,0.41,18.2692
70804,"Mb-965_15","24-Mar-14",2014,"JKI 15 AM-R20 C11",0.336556,0.42,19.8675
70806,"Mb-969_18","24-Mar-14",2014,"JKI 15 AM-R22 C11",0.495146,0.6,17.4757
70808,"Mb-974_19","24-Mar-14",2014,"JKI 15 AM-R24 C11",0.213025,0.29,26.5432
70816,"Mb-1037_52","24-Mar-14",2014,"JKI 15 AM-R32 C11",0.235489,0.27,12.782
70817,"Mb-1037_52","24-Mar-14",2014,"JKI 15 AM-R33 C11",0.364177,0.42,13.2911
70818,"Mb-1040_17","24-Mar-14",2014,"JKI 15 AM-R34 C11",0.282015,0.34,17.0543
70822,"Mb-1044_50","24-Mar-14",2014,"JKI 15 AM-R35 C12",0.215384,0.25,13.8462
70823,"Mb-1044_50","24-Mar-14",2014,"JKI 15 AM-R34 C12",0.159107,0.18,11.6071
70825,"Mb-1056_31","24-Mar-14",2014,"JKI 15 AM-R32 C12",0.357143,0.4,10.7143
70828,"Mb-1067_18","24-Mar-14",2014,"JKI 15 AM-R29 C12",0.211493,0.26,18.6567
70832,"Mb-1086_54","24-Mar-14",2014,"JKI 15 AM-R25 C12",0.914097,1.25,26.8722
70847,"Mb-1130_51","24-Mar-14",2014,"JKI 15 AM-R27 C13",0.268125,0.33,18.75
70849,"Mb-1132_52","24-Mar-14",2014,"JKI 15 AM-R29 C13",0.436442,0.51,14.4231
70854,"Mb-1147_12","24-Mar-14",2014,"JKI 15 AM-R34 C13",0.276923,0.36,23.0769
70855,"Mb-1147_12","24-Mar-14",2014,"JKI 15 AM-R35 C13",0.140571,0.16,12.1429
70860,"Mb-1153_20","24-Mar-14",2014,"JKI 15 AM-R33 C14",0.224412,0.28,19.8529
70861,"Mb-1153_20","24-Mar-14",2014,"JKI 15 AM-R32 C14",0.143621,0.17,15.5172
70863,"Mb-1156_13","24-Mar-14",2014,"JKI 15 AM-R30 C14",0.0563636,0.08,29.5455
70864,"Mb-1162_20","24-Mar-14",2014,"JKI 15 AM-R29 C14",0.593044,0.66,10.1449
70868,"Mb-1182_16","24-Mar-14",2014,"JKI 15 AM-R25 C14",0.136395,0.17,19.7674
70876,"Mb-1205_12","24-Mar-14",2014,"JKI 15 AM-R20 C15",0.217674,0.26,16.2791
70878,"Mb-1231_18","24-Mar-14",2014,"JKI 15 AM-R22 C15",0.126923,0.15,15.3846
70880,"Mb-1238_1","24-Mar-14",2014,"JKI 15 AM-R24 C15",0.0491803,0.06,18.0328
70881,"Mb-1261_15","24-Mar-14",2014,"JKI 15 AM-R25 C15",0.453333,0.51,11.1111
70883,"Mb-1353_14","24-Mar-14",2014,"JKI 15 AM-R27 C15",0.286234,0.38,24.6753
70884,"Mb-1353_14","24-Mar-14",2014,"JKI 15 AM-R28 C15",0.338437,0.38,10.9375
70888,"Mb-1485_42","24-Mar-14",2014,"JKI 15 AM-R32 C15",0.54241,0.75,27.6786
70889,"Mb-1486_1","24-Mar-14",2014,"JKI 15 AM-R33 C15",1.05064,1.27,17.2727
70890,"Mx-1548_12","24-Mar-14",2014,"JKI 15 AM-R34 C15",0.647229,0.79,18.0723
70891,"Mx-1915_12","24-Mar-14",2014,"JKI 15 AM-R35 C15",0.489156,0.58,15.6627
70894,"Mx-1932_13","24-Mar-14",2014,"JKI 15 AM-R35 C16",0.76,1.14,33.3333
70895,"Mx-1933_11","24-Mar-14",2014,"JKI 15 AM-R34 C16",0.840404,1.04,19.1919
70896,"Mx-1956_15","24-Mar-14",2014,"JKI 15 AM-R33 C16",0.559351,0.73,23.3766
70897,"Mx-2446_1","24-Mar-14",2014,"JKI 15 AM-R32 C16",0.4698,0.54,13
70898,"Mx-2470_5","24-Mar-14",2014,"JKI 15 AM-R31 C16",0.470137,0.52,9.58904
70349,"Mb-2","23-Apr-15",2015,"JKI 15 AM-R3 C1",1.69189,2.06,17.8696
70352,"Mb-9","22-Apr-15",2015,"JKI 15 AM-R6 C1",1.41131,1.56,9.53125
70353,"Mb-14","22-Apr-15",2015,"JKI 15 AM-R7 C1",3.40167,3.9,12.7778
70355,"Mb-31","22-Apr-15",2015,"JKI 15 AM-R9 C1",1.55435,1.76,11.6848
70356,"Mb-35","22-Apr-15",2015,"JKI 15 AM-R10 C1",1.55945,1.86,16.1585
70357,"Mb-37","24-Apr-15",2015,"JKI 15 AM-R11 C1",3.12174,4.54,31.2393
70359,"Mb-70","24-Apr-15",2015,"JKI 15 AM-R13 C1",2.66801,3.86,30.8805
70360,"Mb-72","24-Apr-15",2015,"JKI 15 AM-R14 C1",2.9302,3.64,19.5
70361,"Mb-74","24-Apr-15",2015,"JKI 15 AM-R15 C1",1.62814,2.32,29.8214
70362,"Mb-76","24-Apr-15",2015,"JKI 15 AM-R16 C1",1.42696,1.64,12.9902
70366,"Mb-86","23-Apr-15",2015,"JKI 15 AM-R17 C2",2.58955,3.14,17.5301
70367,"Mb-94","23-Apr-15",2015,"JKI 15 AM-R16 C2",1.10044,1.18,6.74242
70368,"Mb-102","22-Apr-15",2015,"JKI 15 AM-R15 C2",2.37046,2.82,15.9412
70369,"Mb-104","24-Apr-15",2015,"JKI 15 AM-R14 C2",3.90597,4.7,16.8943
70370,"Mb-99","23-Apr-15",2015,"JKI 15 AM-R13 C2",3.53022,4.12,14.3151
70371,"Mb-109","24-Apr-15",2015,"JKI 15 AM-R12 C2",0.489393,0.64,23.5323
70372,"Mb-110","22-Apr-15",2015,"JKI 15 AM-R11 C2",3.73554,5.36,30.3072
70373,"Mb-111","24-Apr-15",2015,"JKI 15 AM-R10 C2",1.80916,2.02,10.4375
70374,"Mb-113","22-Apr-15",2015,"JKI 15 AM-R9 C2",1.8554,2.08,10.7979
70375,"Mb-115","22-Apr-15",2015,"JKI 15 AM-R8 C2",1.356,1.44,5.83333
70378,"Mb-140","23-Apr-15",2015,"JKI 15 AM-R5 C2",2.0124,2.18,7.68817
70379,"Mb-142","24-Apr-15",2015,"JKI 15 AM-R4 C2",1.40036,1.54,9.0678
70380,"Mb-144","23-Apr-15",2015,"JKI 15 AM-R3 C2",2.47263,2.7,8.42105
70381,"Mb-146","22-Apr-15",2015,"JKI 15 AM-R2 C2",2.09517,2.36,11.2216
70384,"Mb-147","24-Apr-15",2015,"JKI 15 AM-R2 C3",3.13443,3.44,8.88298
70385,"Mb-148","23-Apr-15",2015,"JKI 15 AM-R3 C3",3.10599,3.46,10.2315
70386,"Mb-149","24-Apr-15",2015,"JKI 15 AM-R4 C3",3.04083,3.56,14.5833
70387,"Mb-166","24-Apr-15",2015,"JKI 15 AM-R5 C3",1.63789,2.2,25.5507
70388,"Mb-167","23-Apr-15",2015,"JKI 15 AM-R6 C3",2.34663,3.16,25.7396
70389,"Mb-177","22-Apr-15",2015,"JKI 15 AM-R7 C3",2.26838,2.5,9.26471
70390,"Mb-99","23-Apr-15",2015,"JKI 15 AM-R8 C3",2.981,3.52,15.3125
70392,"Mb-188","23-Apr-15",2015,"JKI 15 AM-R10 C3",3.79883,4.62,17.7742
70393,"Mb-221","24-Apr-15",2015,"JKI 15 AM-R11 C3",0.894781,1.04,13.9634
70394,"Mb-226","23-Apr-15",2015,"JKI 15 AM-R12 C3",3.0505,3.38,9.74843
70395,"Mb-229","23-Apr-15",2015,"JKI 15 AM-R13 C3",1.10044,1.18,6.74242
70397,"Mb-255","22-Apr-15",2015,"JKI 15 AM-R15 C3",1.50643,1.64,8.14444
70398,"Mb-272","24-Apr-15",2015,"JKI 15 AM-R16 C3",1.81655,1.94,6.36364
70399,"Mb-297","24-Apr-15",2015,"JKI 15 AM-R17 C3",1.68291,1.82,7.53247
70402,"Mb-306","23-Apr-15",2015,"JKI 15 AM-R17 C4",1.23524,1.44,14.2194
70403,"Mb-307","23-Apr-15",2015,"JKI 15 AM-R16 C4",5.45661,6.7,18.5581
70405,"Mb-309","24-Apr-15",2015,"JKI 15 AM-R14 C4",4.70358,6.24,24.6221
70406,"Mb-310","23-Apr-15",2015,"JKI 15 AM-R13 C4",3.93586,5.18,24.0181
70408,"Mb-353","24-Apr-15",2015,"JKI 15 AM-R11 C4",1.33661,1.46,8.45109
70411,"Mb-383_1","24-Apr-15",2015,"JKI 15 AM-R8 C4",1.73284,2.04,15.0568
70412,"Mb-391","23-Apr-15",2015,"JKI 15 AM-R7 C4",1.10849,1.22,9.14013
70413,"Mb-393_1","23-Apr-15",2015,"JKI 15 AM-R6 C4",1.74473,2.16,19.2256
70414,"Mb-397","22-Apr-15",2015,"JKI 15 AM-R5 C4",2.51667,2.9,13.2184
70415,"Mb-399","23-Apr-15",2015,"JKI 15 AM-R4 C4",2.00485,2.26,11.2899
70416,"Mb-99","22-Apr-15",2015,"JKI 15 AM-R3 C4",2.51509,2.94,14.4526
70417,"Mb-401","23-Apr-15",2015,"JKI 15 AM-R2 C4",1.9227,2.2,12.6044
70420,"Mb-411","24-Apr-15",2015,"JKI 15 AM-R2 C5",1.83102,2.28,19.6919
70422,"Mb-425_1","22-Apr-15",2015,"JKI 15 AM-R4 C5",1.16027,1.38,15.9225
70423,"Mb-427_1","22-Apr-15",2015,"JKI 15 AM-R5 C5",1.57816,1.78,11.3393
70424,"Mb-431_1","23-Apr-15",2015,"JKI 15 AM-R6 C5",1.35841,1.54,11.7914
70427,"Mb-434_1","23-Apr-15",2015,"JKI 15 AM-R9 C5",2.44743,2.68,8.67816
70428,"Mx-437_90","23-Apr-15",2015,"JKI 15 AM-R10 C5",4.12692,4.48,7.88136
70429,"Mb-485_1","23-Apr-15",2015,"JKI 15 AM-R11 C5",2.35377,2.62,10.1613
70430,"Mb-486","23-Apr-15",2015,"JKI 15 AM-R12 C5",3.67227,4.2,12.5649
70431,"Mb-488_15","23-Apr-15",2015,"JKI 15 AM-R13 C5",3.61045,4.08,11.5086
70433,"Mb-490_10","23-Apr-15",2015,"JKI 15 AM-R15 C5",1.85627,2.08,10.7563
70434,"Mb-490_10","23-Apr-15",2015,"JKI 15 AM-R16 C5",2.69643,3.02,10.7143
70435,"Mb-494_1","22-Apr-15",2015,"JKI 15 AM-R17 C5",2.404,2.7,10.963
70438,"Mb-498_1","23-Apr-15",2015,"JKI 15 AM-R17 C6",0.586236,0.76,22.8636
70439,"Mb-502_1","23-Apr-15",2015,"JKI 15 AM-R16 C6",2.62903,3.28,19.8466
70440,"Mb-505_1","23-Apr-15",2015,"JKI 15 AM-R15 C6",2.15121,2.58,16.6197
70441,"Mb-99","22-Apr-15",2015,"JKI 15 AM-R14 C6",2.188,2.58,15.1938
70442,"Mb-508","22-Apr-15",2015,"JKI 15 AM-R13 C6",0.838812,0.94,10.7647
70445,"Mb-526_13","23-Apr-15",2015,"JKI 15 AM-R10 C6",1.28248,1.42,9.68468
70446,"Mb-527_1","23-Apr-15",2015,"JKI 15 AM-R9 C6",2.78227,3.08,9.66667
70447,"Mb-533_1","23-Apr-15",2015,"JKI 15 AM-R8 C6",1.24039,1.36,8.79518
70448,"Mb-539_1","23-Apr-15",2015,"JKI 15 AM-R7 C6",0.559524,0.6,6.74603
70451,"Mb-628_1","23-Apr-15",2015,"JKI 15 AM-R4 C6",2.01267,2.4,16.1388
70458,"Mb-770_18","23-Apr-15",2015,"JKI 15 AM-R4 C7",3.13758,3.62,13.3265
70462,"Mb-779_14","23-Apr-15",2015,"JKI 15 AM-R8 C7",2.70446,3.18,14.9541
70464,"Mb-99","23-Apr-15",2015,"JKI 15 AM-R10 C7",3.32558,3.84,13.3962
70467,"Mb-787_13","23-Apr-15",2015,"JKI 15 AM-R13 C7",1.90222,2.14,11.1111
70471,"Mb-810_11","22-Apr-15",2015,"JKI 15 AM-R17 C7",2.6144,2.88,9.22222
70475,"Mb-819_19","22-Apr-15",2015,"JKI 15 AM-R16 C8",1.39219,1.54,9.59821
70476,"Mb-819_19","22-Apr-15",2015,"JKI 15 AM-R15 C8",1.71219,1.88,8.92593
70485,"Mb-884_1","24-Apr-15",2015,"JKI 15 AM-R6 C8",1.74698,1.92,9.01163
70493,"Mb-893_11","22-Apr-15",2015,"JKI 15 AM-R3 C9",2.019,2.8,27.8929
70497,"Mb-910_11","22-Apr-15",2015,"JKI 15 AM-R7 C9",2.60763,3.5,25.4962
70498,"Mb-913_17","22-Apr-15",2015,"JKI 15 AM-R8 C9",1.87105,2.08,10.0459
70499,"Mb-914_13","22-Apr-15",2015,"JKI 15 AM-R9 C9",2.44474,3.36,27.24
70506,"Mb-930","22-Apr-15",2015,"JKI 15 AM-R16 C9",0.928141,1.26,26.338
70510,"Mb-931_12","22-Apr-15",2015,"JKI 15 AM-R17 C10",2.87019,3.64,21.1486
70511,"Mb-933_11","22-Apr-15",2015,"JKI 15 AM-R16 C10",1.33971,1.84,27.1898
70512,"Mb-99","22-Apr-15",2015,"JKI 15 AM-R15 C10",2.57216,3.18,19.1146
70513,"Mb-935_13","22-Apr-15",2015,"JKI 15 AM-R14 C10",2.3005,2.58,10.8333
70514,"Mb-935_13","22-Apr-15",2015,"JKI 15 AM-R31 C10",0.679915,0.86,20.9402
70517,"Mb-956_19","24-Apr-15",2015,"JKI 15 AM-R10 C10",1.92417,2.18,11.7355
70518,"Mb-956_19","22-Apr-15",2015,"JKI 15 AM-R9 C10",2.08506,2.32,10.1266
70520,"Mb-958_19","24-Apr-15",2015,"JKI 15 AM-R7 C10",2.68489,2.96,9.29412
70521,"Mb-960_20","24-Apr-15",2015,"JKI 15 AM-R6 C10",2.81464,4.14,32.0134
70522,"Mb-960_20","22-Apr-15",2015,"JKI 15 AM-R5 C10",2.5703,3.76,31.641
70523,"Mb-961_16","22-Apr-15",2015,"JKI 15 AM-R4 C10",1.43499,1.62,11.4205
70528,"Mb-965_15","22-Apr-15",2015,"JKI 15 AM-R2 C11",4.84549,5.44,10.9286
70530,"Mb-969_18","24-Apr-15",2015,"JKI 15 AM-R4 C11",2.02356,2.44,17.0673
70532,"Mb-974_19","24-Apr-15",2015,"JKI 15 AM-R6 C11",2.16888,2.58,15.935
70535,"Mb-99","22-Apr-15",2015,"JKI 15 AM-R9 C11",2.139,2.76,22.5
70540,"Mb-1037_52","22-Apr-15",2015,"JKI 15 AM-R14 C11",1.4514,1.62,10.4074
70541,"Mb-1037_52","22-Apr-15",2015,"JKI 15 AM-R15 C11",1.955,2.16,9.49057
70542,"Mb-1040_17","22-Apr-15",2015,"JKI 15 AM-R16 C11",1.52404,1.82,16.2617
70543,"Mb-1043_32","22-Apr-15",2015,"JKI 15 AM-R17 C11",1.80647,2.02,10.5707
70546,"Mb-1044_50","24-Apr-15",2015,"JKI 15 AM-R17 C12",1.40495,1.56,9.93939
70549,"Mb-1056_31","23-Apr-15",2015,"JKI 15 AM-R14 C12",0.706588,0.78,9.41177
70552,"Mb-1067_18","23-Apr-15",2015,"JKI 15 AM-R11 C12",1.65946,2.12,21.7237
70556,"Mb-1086_54","23-Apr-15",2015,"JKI 15 AM-R7 C12",5.62484,6.88,18.2436
70558,"Mb-99","23-Apr-15",2015,"JKI 15 AM-R5 C12",2.73959,3.36,18.4646
70571,"Mb-1130_51","24-Apr-15",2015,"JKI 15 AM-R9 C13",2.97397,3.52,15.5122
70573,"Mb-1132_52","23-Apr-15",2015,"JKI 15 AM-R11 C13",1.6126,1.78,9.40476
70578,"Mb-1147_12","23-Apr-15",2015,"JKI 15 AM-R16 C13",1.60883,1.92,16.2069
70579,"Mb-1147_12","22-Apr-15",2015,"JKI 15 AM-R17 C13",1.6374,1.9,13.8209
70583,"Mb-99","24-Apr-15",2015,"JKI 15 AM-R16 C14",2.9998,3.68,18.4836
70584,"Mb-1153_20","23-Apr-15",2015,"JKI 15 AM-R15 C14",3.11619,4.5,30.7513
70585,"Mb-1153_20","22-Apr-15",2015,"JKI 15 AM-R14 C14",4.12688,6.16,33.0052
70586,"Mb-1155_33","22-Apr-15",2015,"JKI 15 AM-R13 C14",0.49375,0.6,17.7083
70587,"Mb-1156_13","24-Apr-15",2015,"JKI 15 AM-R12 C14",3.15093,4.96,36.4732
70588,"Mb-1162_20","23-Apr-15",2015,"JKI 15 AM-R11 C14",2.92094,3.36,13.0672
70592,"Mb-1182_16","24-Apr-15",2015,"JKI 15 AM-R7 C14",3.46971,5.06,31.4286
70600,"Mb-1205_12","22-Apr-15",2015,"JKI 15 AM-R2 C15",2.87564,3.26,11.7901
70602,"Mb-1231_18","24-Apr-15",2015,"JKI 15 AM-R4 C15",4.3338,6.72,35.509
70604,"Mb-1238_1","23-Apr-15",2015,"JKI 15 AM-R6 C15",0.708565,0.86,17.6087
70605,"Mb-1261_15","23-Apr-15",2015,"JKI 15 AM-R7 C15",2.95563,3.34,11.5079
70607,"Mb-1353_14","22-Apr-15",2015,"JKI 15 AM-R9 C15",2.45406,2.66,7.74194
70608,"Mb-1353_14","23-Apr-15",2015,"JKI 15 AM-R10 C15",2.9588,3.26,9.23913
70609,"Mb-99","22-Apr-15",2015,"JKI 15 AM-R11 C15",3.35391,4.1,18.1973
70612,"Mb-1485_42","22-Apr-15",2015,"JKI 15 AM-R14 C15",3.83265,4.44,13.679
70613,"Mb-1486_1","22-Apr-15",2015,"JKI 15 AM-R15 C15",3.80385,4.48,15.0926
70614,"Mx-1548_12","23-Apr-15",2015,"JKI 15 AM-R16 C15",1.70816,2,14.5918
70615,"Mx-1915_12","22-Apr-15",2015,"JKI 15 AM-R17 C15",2.11202,2.3,8.17308
70618,"Mx-1932_13","23-Apr-15",2015,"JKI 15 AM-R17 C16",3.53501,3.98,11.1806
70619,"Mx-1933_11","23-Apr-15",2015,"JKI 15 AM-R16 C16",2.60266,3.14,17.1127
70620,"Mx-1956_15","23-Apr-15",2015,"JKI 15 AM-R15 C16",2.32977,2.68,13.0682
70621,"Mx-2446_1","24-Apr-15",2015,"JKI 15 AM-R14 C16",2.24233,3.42,34.4349
70622,"Mx-2470_5","22-Apr-15",2015,"JKI 15 AM-R13 C16",2.37665,2.66,10.6522
70625,"Mb-2","23-Apr-15",2015,"JKI 15 AM-R21 C1",1.77644,2.2,19.2529
70626,"Mb-3","22-Apr-15",2015,"JKI 15 AM-R22 C1",2.34803,3,21.7323
70628,"Mb-9","24-Apr-15",2015,"JKI 15 AM-R24 C1",2.064,2.4,14
70629,"Mb-14","22-Apr-15",2015,"JKI 15 AM-R25 C1",3.57633,4.12,13.1959
70631,"Mb-31","24-Apr-15",2015,"JKI 15 AM-R27 C1",1.52501,1.72,11.3366
70632,"Mb-35","23-Apr-15",2015,"JKI 15 AM-R28 C1",1.35167,1.56,13.3544
70633,"Mb-37","23-Apr-15",2015,"JKI 15 AM-R29 C1",4.36584,6.12,28.6628
70635,"Mb-70","24-Apr-15",2015,"JKI 15 AM-R31 C1",1.75088,2.56,31.6062
70636,"Mb-72","22-Apr-15",2015,"JKI 15 AM-R32 C1",1.89014,2.38,20.5825
70637,"Mb-74","24-Apr-15",2015,"JKI 15 AM-R33 C1",2.07654,2.86,27.3936
70638,"Mb-76","23-Apr-15",2015,"JKI 15 AM-R34 C1",1.98974,2.26,11.9583
70642,"Mb-86","24-Apr-15",2015,"JKI 15 AM-R35 C2",2.96099,3.44,13.9247
70643,"Mb-94","24-Apr-15",2015,"JKI 15 AM-R34 C2",NA,1.18,NA
70644,"Mb-102","22-Apr-15",2015,"JKI 15 AM-R33 C2",2.41161,2.8,13.871
70645,"Mb-104","24-Apr-15",2015,"JKI 15 AM-R32 C2",3.41531,4.4,22.3793
70646,"Mb-99","23-Apr-15",2015,"JKI 15 AM-R31 C2",4.94523,5.82,15.0305
70647,"Mb-109","22-Apr-15",2015,"JKI 15 AM-R30 C2",2.30726,3.04,24.1034
70648,"Mb-110","24-Apr-15",2015,"JKI 15 AM-R29 C2",3.37294,4.82,30.022
70649,"Mb-111","24-Apr-15",2015,"JKI 15 AM-R28 C2",1.55008,1.78,12.9167
70650,"Mb-113","22-Apr-15",2015,"JKI 15 AM-R27 C2",1.39601,1.62,13.8265
70651,"Mb-115","24-Apr-15",2015,"JKI 15 AM-R26 C2",1.35287,1.46,7.33766
70654,"Mb-140","22-Apr-15",2015,"JKI 15 AM-R23 C2",3.59666,4.06,11.4122
70655,"Mb-142","24-Apr-15",2015,"JKI 15 AM-R22 C2",1.90452,2.1,9.30851
70656,"Mb-144","22-Apr-15",2015,"JKI 15 AM-R21 C2",3.10153,3.46,10.3604
70657,"Mb-146","22-Apr-15",2015,"JKI 15 AM-R20 C2",1.64397,1.88,12.5549
70660,"Mb-147","22-Apr-15",2015,"JKI 15 AM-R20 C3",3.01804,3.34,9.63964
70661,"Mb-148","22-Apr-15",2015,"JKI 15 AM-R21 C3",3.14095,3.54,11.2727
70662,"Mb-149","24-Apr-15",2015,"JKI 15 AM-R22 C3",3.88145,5.42,28.3865
70663,"Mb-166","22-Apr-15",2015,"JKI 15 AM-R23 C3",1.3018,1.64,20.6218
70664,"Mb-167","22-Apr-15",2015,"JKI 15 AM-R24 C3",2.0995,2.82,25.5497
70665,"Mb-177","23-Apr-15",2015,"JKI 15 AM-R25 C3",3.366,3.74,10
70666,"Mb-99","24-Apr-15",2015,"JKI 15 AM-R26 C3",3.70523,4.32,14.2308
70668,"Mb-188","24-Apr-15",2015,"JKI 15 AM-R28 C3",5.63403,7,19.5139
70669,"Mb-221","23-Apr-15",2015,"JKI 15 AM-R29 C3",0.611221,0.74,17.4026
70670,"Mb-226","24-Apr-15",2015,"JKI 15 AM-R30 C3",3.34746,3.78,11.4428
70671,"Mb-229","24-Apr-15",2015,"JKI 15 AM-R31 C3",NA,1.32,NA
70674,"Mb-272","23-Apr-15",2015,"JKI 15 AM-R34 C3",2.12894,2.38,10.5488
70675,"Mb-297","24-Apr-15",2015,"JKI 15 AM-R35 C3",1.98518,2.2,9.76471
70678,"Mb-306","23-Apr-15",2015,"JKI 15 AM-R35 C4",2.00822,2.32,13.4387
70679,"Mb-307","24-Apr-15",2015,"JKI 15 AM-R34 C4",6.09295,7.18,15.14
70680,"Mb-308","22-Apr-15",2015,"JKI 15 AM-R33 C4",4.67701,6.32,25.9966
70681,"Mb-309","24-Apr-15",2015,"JKI 15 AM-R32 C4",5.46862,7.3,25.0874
70682,"Mb-310","23-Apr-15",2015,"JKI 15 AM-R31 C4",1.97593,2.48,20.3254
70684,"Mb-353","24-Apr-15",2015,"JKI 15 AM-R29 C4",1.90294,2.08,8.5124
70687,"Mb-383_1","24-Apr-15",2015,"JKI 15 AM-R26 C4",1.97399,2.44,19.0986
70688,"Mb-391","23-Apr-15",2015,"JKI 15 AM-R25 C4",1.73682,1.96,11.3866
70689,"Mb-393_1","24-Apr-15",2015,"JKI 15 AM-R24 C4",1.86118,2.46,24.3424
70690,"Mb-397","24-Apr-15",2015,"JKI 15 AM-R23 C4",3.16321,3.82,17.1935
70692,"Mb-99","23-Apr-15",2015,"JKI 15 AM-R21 C4",2.02318,2.52,19.7152
70693,"Mb-401","24-Apr-15",2015,"JKI 15 AM-R20 C4",2.57905,3.14,17.8646
70696,"Mb-411","24-Apr-15",2015,"JKI 15 AM-R20 C5",2.72391,3.42,20.3536
70697,"Mb-416","24-Apr-15",2015,"JKI 15 AM-R21 C5",1.76373,2.46,28.3038
70698,"Mb-425_1","24-Apr-15",2015,"JKI 15 AM-R22 C5",1.25789,1.5,16.1406
70700,"Mb-431_1","22-Apr-15",2015,"JKI 15 AM-R24 C5",1.61485,1.82,11.2722
70703,"Mb-434_1","22-Apr-15",2015,"JKI 15 AM-R27 C5",1.30288,1.38,5.58824
70704,"Mx-437_90","23-Apr-15",2015,"JKI 15 AM-R28 C5",4.02033,4.44,9.45205
70705,"Mb-485_1","24-Apr-15",2015,"JKI 15 AM-R29 C5",3.61005,4.08,11.5183
70706,"Mb-486","24-Apr-15",2015,"JKI 15 AM-R30 C5",3.56436,4,10.8909
70707,"Mb-488_15","22-Apr-15",2015,"JKI 15 AM-R31 C5",2.26953,2.64,14.0328
70709,"Mb-490_10","22-Apr-15",2015,"JKI 15 AM-R33 C5",3.43538,3.94,12.8075
70710,"Mb-490_10","24-Apr-15",2015,"JKI 15 AM-R34 C5",2.11331,2.34,9.6875
70711,"Mb-494_1","22-Apr-15",2015,"JKI 15 AM-R35 C5",2.32678,2.56,9.11017
70714,"Mb-498_1","23-Apr-15",2015,"JKI 15 AM-R35 C6",0.720238,0.88,18.1548
70715,"Mb-502_1","23-Apr-15",2015,"JKI 15 AM-R34 C6",2.60157,3.2,18.701
70716,"Mb-505_1","22-Apr-15",2015,"JKI 15 AM-R33 C6",2.53455,2.94,13.7908
70717,"Mb-99","23-Apr-15",2015,"JKI 15 AM-R32 C6",3.23617,3.84,15.7246
70721,"Mb-526_13","23-Apr-15",2015,"JKI 15 AM-R28 C6",1.74441,1.94,10.082
70722,"Mb-527_1","23-Apr-15",2015,"JKI 15 AM-R27 C6",1.77623,1.94,8.44156
70723,"Mb-533_1","23-Apr-15",2015,"JKI 15 AM-R26 C6",1.338,1.56,14.2308
70724,"Mb-539_1","23-Apr-15",2015,"JKI 15 AM-R25 C6",0.613694,0.66,7.01613
70726,"Mb-585_1","23-Apr-15",2015,"JKI 15 AM-R23 C6",3.17798,3.8,16.369
70727,"Mb-628_1","23-Apr-15",2015,"JKI 15 AM-R22 C6",1.62072,2.06,21.3243
70734,"Mb-770_18","23-Apr-15",2015,"JKI 15 AM-R22 C7",3.52407,4.12,14.4643
70738,"Mb-779_14","23-Apr-15",2015,"JKI 15 AM-R26 C7",4.90778,6.16,20.3283
70740,"Mb-99","23-Apr-15",2015,"JKI 15 AM-R28 C7",4.01064,4.74,15.3873
70743,"Mb-787_13","24-Apr-15",2015,"JKI 15 AM-R31 C7",NA,2.6,NA
70747,"Mb-810_11","22-Apr-15",2015,"JKI 15 AM-R35 C7",2.41642,2.68,9.83517
70751,"Mb-819_19","24-Apr-15",2015,"JKI 15 AM-R34 C8",1.44418,1.6,9.73881
70752,"Mb-819_19","22-Apr-15",2015,"JKI 15 AM-R33 C8",1.51299,1.66,8.85621
70759,"Mb-851_1","24-Apr-15",2015,"JKI 15 AM-R26 C8",1.30963,2.04,35.8025
70761,"Mb-884_1","24-Apr-15",2015,"JKI 15 AM-R24 C8",2.76584,3.08,10.2
70763,"Mb-99","22-Apr-15",2015,"JKI 15 AM-R22 C8",2.95357,3.4,13.1304
70769,"Mb-893_11","22-Apr-15",2015,"JKI 15 AM-R21 C9",1.624,2.32,30
70773,"Mb-910_11","22-Apr-15",2015,"JKI 15 AM-R25 C9",3.27697,4.38,25.1832
70774,"Mb-913_17","22-Apr-15",2015,"JKI 15 AM-R26 C9",1.17644,1.34,12.2059
70775,"Mb-914_13","22-Apr-15",2015,"JKI 15 AM-R27 C9",2.27382,3.22,29.3846
70781,"Mb-928_18","22-Apr-15",2015,"JKI 15 AM-R33 C9",3.8383,5.68,32.4242
70782,"Mb-930","24-Apr-15",2015,"JKI 15 AM-R34 C9",3.63857,5.18,29.7573
70786,"Mb-931_12","11-Mar-15",2015,"JKI 15 AM-R35 C10",NA,3.12,NA
70787,"Mb-933_11","22-Apr-15",2015,"JKI 15 AM-R34 C10",2.08678,2.84,26.5217
70788,"Mb-99","22-Apr-15",2015,"JKI 15 AM-R33 C10",3.2639,3.92,16.7373
70789,"Mb-935_13","22-Apr-15",2015,"JKI 15 AM-R32 C10",2.78267,3.12,10.812
70793,"Mb-956_19","22-Apr-15",2015,"JKI 15 AM-R28 C10",2.69158,3.02,10.875
70794,"Mb-956_19","22-Apr-15",2015,"JKI 15 AM-R27 C10",1.932,2.16,10.5556
70796,"Mb-958_19","22-Apr-15",2015,"JKI 15 AM-R25 C10",2.15962,2.5,13.6154
70797,"Mb-960_20","22-Apr-15",2015,"JKI 15 AM-R24 C10",2.27332,3.38,32.7419
70798,"Mb-960_20","22-Apr-15",2015,"JKI 15 AM-R23 C10",3.37826,4.92,31.3361
70799,"Mb-961_16","22-Apr-15",2015,"JKI 15 AM-R22 C10",2.98815,3.4,12.1131
70804,"Mb-965_15","22-Apr-15",2015,"JKI 15 AM-R20 C11",3.10718,3.54,12.2266
70806,"Mb-969_18","22-Apr-15",2015,"JKI 15 AM-R22 C11",3.0336,3.42,11.2983
70808,"Mb-974_19","22-Apr-15",2015,"JKI 15 AM-R24 C11",2.73655,3.46,20.9091
70811,"Mb-99","24-Apr-15",2015,"JKI 15 AM-R27 C11",2.38163,2.88,17.3043
70816,"Mb-1037_52","22-Apr-15",2015,"JKI 15 AM-R32 C11",1.67189,1.8,7.11732
70817,"Mb-1037_52","22-Apr-15",2015,"JKI 15 AM-R33 C11",1.99064,2.22,10.3316
70818,"Mb-1040_17","22-Apr-15",2015,"JKI 15 AM-R34 C11",2.39611,2.72,11.9079
70819,"Mb-1043_32","22-Apr-15",2015,"JKI 15 AM-R35 C11",2.02892,2.26,10.2247
70822,"Mb-1044_50","22-Apr-15",2015,"JKI 15 AM-R35 C12",1.39094,1.54,9.6789
70823,"Mb-1044_50","22-Apr-15",2015,"JKI 15 AM-R34 C12",1.654,1.84,10.1084
70825,"Mb-1056_31","24-Apr-15",2015,"JKI 15 AM-R32 C12",1.46979,1.64,10.3788
70828,"Mb-1067_18","22-Apr-15",2015,"JKI 15 AM-R29 C12",0.755067,0.92,17.9275
70832,"Mb-1086_54","24-Apr-15",2015,"JKI 15 AM-R25 C12",6.37933,7.54,15.3935
70834,"Mb-99","22-Apr-15",2015,"JKI 15 AM-R23 C12",3.08164,3.7,16.7123
70847,"Mb-1130_51","22-Apr-15",2015,"JKI 15 AM-R27 C13",3.30496,4,17.376
70849,"Mb-1132_52","23-Apr-15",2015,"JKI 15 AM-R29 C13",1.944,2.16,10
70854,"Mb-1147_12","22-Apr-15",2015,"JKI 15 AM-R34 C13",1.94193,2.22,12.5258
70855,"Mb-1147_12","23-Apr-15",2015,"JKI 15 AM-R35 C13",1.83312,2.12,13.5321
70859,"Mb-99","24-Apr-15",2015,"JKI 15 AM-R34 C14",3.86814,4.7,17.6991
70860,"Mb-1153_20","22-Apr-15",2015,"JKI 15 AM-R33 C14",3.05741,4.4,30.5135
70861,"Mb-1153_20","22-Apr-15",2015,"JKI 15 AM-R32 C14",4.428,6.48,31.6667
70863,"Mb-1156_13","24-Apr-15",2015,"JKI 15 AM-R30 C14",2.805,4.42,36.5385
70864,"Mb-1162_20","23-Apr-15",2015,"JKI 15 AM-R29 C14",3.28469,3.78,13.1034
70868,"Mb-1182_16","22-Apr-15",2015,"JKI 15 AM-R25 C14",2.26175,3.32,31.875
70876,"Mb-1205_12","24-Apr-15",2015,"JKI 15 AM-R20 C15",3.58902,4.04,11.1628
70878,"Mb-1231_18","23-Apr-15",2015,"JKI 15 AM-R22 C15",3.37742,4.98,32.1802
70880,"Mb-1238_1","23-Apr-15",2015,"JKI 15 AM-R24 C15",1.11598,1.28,12.8143
70881,"Mb-1261_15","23-Apr-15",2015,"JKI 15 AM-R25 C15",2.61788,2.92,10.3465
70883,"Mb-1353_14","23-Apr-15",2015,"JKI 15 AM-R27 C15",2.2948,2.58,11.0542
70884,"Mb-1353_14","23-Apr-15",2015,"JKI 15 AM-R28 C15",3.22898,3.62,10.8015
70885,"Mb-99","23-Apr-15",2015,"JKI 15 AM-R29 C15",2.03894,2.48,17.7848
70888,"Mb-1485_42","23-Apr-15",2015,"JKI 15 AM-R32 C15",3.71625,4.54,18.1443
70889,"Mb-1486_1","22-Apr-15",2015,"JKI 15 AM-R33 C15",3.73333,4.46,16.2931
70890,"Mx-1548_12","23-Apr-15",2015,"JKI 15 AM-R34 C15",2.10158,2.38,11.6981
70891,"Mx-1915_12","23-Apr-15",2015,"JKI 15 AM-R35 C15",NA,2.32,NA
70894,"Mx-1932_13","23-Apr-15",2015,"JKI 15 AM-R35 C16",2.85474,3.28,12.9651
70895,"Mx-1933_11","23-Apr-15",2015,"JKI 15 AM-R34 C16",3.08383,3.52,12.3913
70896,"Mx-1956_15","23-Apr-15",2015,"JKI 15 AM-R33 C16",2.25817,2.72,16.9792
70897,"Mx-2446_1","23-Apr-15",2015,"JKI 15 AM-R32 C16",3.2151,3.78,14.9444
70898,"Mx-2470_5","22-Apr-15",2015,"JKI 15 AM-R31 C16",2.07625,3.02,31.25
70349,"Mb-2","24-Feb-16",2016,"JKI 15 AM-R3 C1",3.57726,5.46,34.4824
70352,"Mb-9","24-Feb-16",2016,"JKI 15 AM-R6 C1",2.01927,2.86,29.396
70353,"Mb-14","24-Feb-16",2016,"JKI 15 AM-R7 C1",NA,NA,30.0998
70355,"Mb-31","24-Feb-16",2016,"JKI 15 AM-R9 C1",3.27784,4.46,26.5059
70356,"Mb-35","24-Feb-16",2016,"JKI 15 AM-R10 C1",2.10034,2.86,26.5615
70357,"Mb-37","24-Feb-16",2016,"JKI 15 AM-R11 C1",3.40382,5.88,42.112
70359,"Mb-70","24-Feb-16",2016,"JKI 15 AM-R13 C1",2.34124,4.18,43.9895
70360,"Mb-72","24-Feb-16",2016,"JKI 15 AM-R14 C1",3.96944,5.66,29.8685
70361,"Mb-74","24-Feb-16",2016,"JKI 15 AM-R15 C1",2.7068,4.44,39.036
70362,"Mb-76","24-Feb-16",2016,"JKI 15 AM-R16 C1",3.42691,4.6,25.502
70366,"Mb-86","24-Feb-16",2016,"JKI 15 AM-R17 C2",4.36302,6.52,33.0825
70367,"Mb-94","24-Feb-16",2016,"JKI 15 AM-R16 C2",1.84425,2.42,23.7911
70368,"Mb-102","24-Feb-16",2016,"JKI 15 AM-R15 C2",2.86784,5.02,42.8718
70369,"Mb-104","24-Feb-16",2016,"JKI 15 AM-R14 C2",5.31387,9.06,41.348
70370,"Mb-99","24-Feb-16",2016,"JKI 15 AM-R13 C2",4.15016,6.8,38.9682
70371,"Mb-109","24-Feb-16",2016,"JKI 15 AM-R12 C2",NA,NA,52.9502
70372,"Mb-110","24-Feb-16",2016,"JKI 15 AM-R11 C2",3.80088,7.12,46.6169
70373,"Mb-111","24-Feb-16",2016,"JKI 15 AM-R10 C2",1.56245,2.18,28.3281
70374,"Mb-113","24-Feb-16",2016,"JKI 15 AM-R9 C2",2.01881,2.82,28.4108
70375,"Mb-115","24-Feb-16",2016,"JKI 15 AM-R8 C2",1.92647,2.78,30.7025
70378,"Mb-140","24-Feb-16",2016,"JKI 15 AM-R5 C2",2.66531,3.64,26.7773
70379,"Mb-142","24-Feb-16",2016,"JKI 15 AM-R4 C2",2.91247,3.86,24.5473
70380,"Mb-144","24-Feb-16",2016,"JKI 15 AM-R3 C2",2.38662,3.32,28.1139
70381,"Mb-146","24-Feb-16",2016,"JKI 15 AM-R2 C2",2.6922,3.62,25.6298
70384,"Mb-147","24-Feb-16",2016,"JKI 15 AM-R2 C3",2.22194,3.56,37.586
70385,"Mb-148","24-Feb-16",2016,"JKI 15 AM-R3 C3",2.44091,4.18,41.605
70386,"Mb-149","24-Feb-16",2016,"JKI 15 AM-R4 C3",2.46634,3.74,34.055
70387,"Mb-166","24-Feb-16",2016,"JKI 15 AM-R5 C3",1.00639,1.92,47.5836
70388,"Mb-167","24-Feb-16",2016,"JKI 15 AM-R6 C3",1.63672,3.62,54.7867
70389,"Mb-177","24-Feb-16",2016,"JKI 15 AM-R7 C3",1.76897,2.4,26.293
70390,"Mb-99","22-Feb-16",2016,"JKI 15 AM-R8 C3",NA,5.3,NA
70392,"Mb-188","24-Feb-16",2016,"JKI 15 AM-R10 C3",5.50585,8.7,36.7143
70393,"Mb-221","24-Feb-16",2016,"JKI 15 AM-R11 C3",0.621548,0.94,33.8779
70394,"Mb-226","24-Feb-16",2016,"JKI 15 AM-R12 C3",4.07858,5.84,30.1612
70395,"Mb-229","24-Feb-16",2016,"JKI 15 AM-R13 C3",0.804011,1.14,29.4727
70397,"Mb-255","24-Feb-16",2016,"JKI 15 AM-R15 C3",1.51314,2.34,35.336
70398,"Mb-272","24-Feb-16",2016,"JKI 15 AM-R16 C3",1.32835,2.06,35.517
70399,"Mb-297","24-Feb-16",2016,"JKI 15 AM-R17 C3",2.19546,2.94,25.3244
70402,"Mb-306","25-Feb-16",2016,"JKI 15 AM-R17 C4",NA,NA,32.0925
70403,"Mb-307","25-Feb-16",2016,"JKI 15 AM-R16 C4",NA,NA,29.9653
70405,"Mb-309","25-Feb-16",2016,"JKI 15 AM-R14 C4",4.50604,7.82,42.378
70406,"Mb-310","25-Feb-16",2016,"JKI 15 AM-R13 C4",NA,NA,38.2508
70408,"Mb-353","25-Feb-16",2016,"JKI 15 AM-R11 C4",NA,NA,17.2718
70411,"Mb-383_1","25-Feb-16",2016,"JKI 15 AM-R8 C4",NA,NA,38.9651
70412,"Mb-391","25-Feb-16",2016,"JKI 15 AM-R7 C4",NA,NA,15.6869
70413,"Mb-393_1","25-Feb-16",2016,"JKI 15 AM-R6 C4",NA,NA,35.9209
70414,"Mb-397","25-Feb-16",2016,"JKI 15 AM-R5 C4",NA,NA,39.2785
70415,"Mb-399","25-Feb-16",2016,"JKI 15 AM-R4 C4",NA,NA,27.9603
70416,"Mb-99","25-Feb-16",2016,"JKI 15 AM-R3 C4",NA,NA,22.9047
70417,"Mb-401","25-Feb-16",2016,"JKI 15 AM-R2 C4",NA,NA,38.4593
70435,"Mb-494_1","26-Feb-16",2016,"JKI 15 AM-R17 C5",2.76387,3.18,13.0859
70438,"Mb-498_1","26-Feb-16",2016,"JKI 15 AM-R17 C6",0.400861,0.6,33.1899
70445,"Mb-526_13","26-Feb-16",2016,"JKI 15 AM-R10 C6",1.42991,1.62,11.734
70446,"Mb-527_1","26-Feb-16",2016,"JKI 15 AM-R9 C6",2.27405,2.6,12.5364
70464,"Mb-99","03-Mar-16",2016,"JKI 15 AM-R10 C7",4.29338,5.24,18.0653
70493,"Mb-893_11","26-Feb-16",2016,"JKI 15 AM-R3 C9",3.27741,3.86,15.0929
70497,"Mb-910_11","26-Feb-16",2016,"JKI 15 AM-R7 C9",1.93199,2.6,25.6925
70506,"Mb-930","26-Feb-16",2016,"JKI 15 AM-R16 C9",1.75945,3.08,42.8749
70510,"Mb-931_12","03-Mar-16",2016,"JKI 15 AM-R17 C10",3.1379,4.52,30.5774
70511,"Mb-933_11","26-Feb-16",2016,"JKI 15 AM-R16 C10",3.26644,4.88,33.0648
70512,"Mb-99","26-Feb-16",2016,"JKI 15 AM-R15 C10",3.43257,4.26,19.4233
70521,"Mb-960_20","26-Feb-16",2016,"JKI 15 AM-R6 C10",1.88296,2.8,32.7515
70522,"Mb-960_20","26-Feb-16",2016,"JKI 15 AM-R5 C10",2.23863,3.24,30.9063
70532,"Mb-974_19","26-Feb-16",2016,"JKI 15 AM-R6 C11",2.85515,3.94,27.5342
70556,"Mb-1086_54","25-Feb-16",2016,"JKI 15 AM-R7 C12",5.48701,7.96,31.0678
70558,"Mb-99","25-Feb-16",2016,"JKI 15 AM-R5 C12",3.33477,4.56,26.8691
70571,"Mb-1130_51","25-Feb-16",2016,"JKI 15 AM-R9 C13",4.25166,6.04,29.6083
70583,"Mb-99","25-Feb-16",2016,"JKI 15 AM-R16 C14",3.22149,4.2,23.2979
70584,"Mb-1153_20","25-Feb-16",2016,"JKI 15 AM-R15 C14",2.64262,4.46,40.7485
70585,"Mb-1153_20","25-Feb-16",2016,"JKI 15 AM-R14 C14",3.24558,5.02,35.347
70587,"Mb-1156_13","25-Feb-16",2016,"JKI 15 AM-R12 C14",0.967421,1.72,43.7546
70592,"Mb-1182_16","25-Feb-16",2016,"JKI 15 AM-R7 C14",1.06819,1.64,34.8667
70600,"Mb-1205_12","03-Mar-16",2016,"JKI 15 AM-R2 C15",4.03619,4.82,16.2617
70602,"Mb-1231_18","26-Feb-16",2016,"JKI 15 AM-R4 C15",5.234,9.3,43.7204
70604,"Mb-1238_1","26-Feb-16",2016,"JKI 15 AM-R6 C15",0.900672,1.08,16.6045
70609,"Mb-99","26-Feb-16",2016,"JKI 15 AM-R11 C15",3.43245,4.48,23.3829
70612,"Mb-1485_42","26-Feb-16",2016,"JKI 15 AM-R14 C15",3.40749,4.88,30.1743
70613,"Mb-1486_1","26-Feb-16",2016,"JKI 15 AM-R15 C15",4.29728,5.34,19.5266
70614,"Mx-1548_12","26-Feb-16",2016,"JKI 15 AM-R16 C15",1.306,1.52,14.0789
70615,"Mx-1915_12","26-Feb-16",2016,"JKI 15 AM-R17 C15",2.21632,2.72,18.5178
70618,"Mx-1932_13","26-Feb-16",2016,"JKI 15 AM-R17 C16",3.56504,4.46,20.0663
70619,"Mx-1933_11","26-Feb-16",2016,"JKI 15 AM-R16 C16",3.09418,3.86,19.8399
70620,"Mx-1956_15","26-Feb-16",2016,"JKI 15 AM-R15 C16",2.4731,3,17.5633
70625,"Mb-2","24-Feb-16",2016,"JKI 15 AM-R21 C1",1.57442,2.22,29.0803
70626,"Mb-3","24-Feb-16",2016,"JKI 15 AM-R22 C1",2.1747,3.3,34.1
70628,"Mb-9","24-Feb-16",2016,"JKI 15 AM-R24 C1",1.91744,2.78,31.0273
70629,"Mb-14","24-Feb-16",2016,"JKI 15 AM-R25 C1",2.31778,3.5,33.7777
70631,"Mb-31","24-Feb-16",2016,"JKI 15 AM-R27 C1",1.41931,2.1,32.4137
70632,"Mb-35","24-Feb-16",2016,"JKI 15 AM-R28 C1",1.30261,1.82,28.4281
70633,"Mb-37","24-Feb-16",2016,"JKI 15 AM-R29 C1",5.41195,9.46,42.7912
70635,"Mb-70","24-Feb-16",2016,"JKI 15 AM-R31 C1",2.00673,3.98,49.5796
70636,"Mb-72","22-Feb-16",2016,"JKI 15 AM-R32 C1",NA,5.72,NA
70637,"Mb-74","24-Feb-16",2016,"JKI 15 AM-R33 C1",2.73915,4.92,44.3262
70638,"Mb-76","24-Feb-16",2016,"JKI 15 AM-R34 C1",4.50269,6.02,25.2045
70642,"Mb-86","24-Feb-16",2016,"JKI 15 AM-R35 C2",2.56938,3.7,30.5574
70643,"Mb-94","24-Feb-16",2016,"JKI 15 AM-R34 C2",1.71409,2.62,34.5769
70644,"Mb-102","22-Feb-16",2016,"JKI 15 AM-R33 C2",NA,4.58,NA
70645,"Mb-104","24-Feb-16",2016,"JKI 15 AM-R32 C2",5.62065,9.24,39.1705
70646,"Mb-99","24-Feb-16",2016,"JKI 15 AM-R31 C2",5.6103,9.68,42.0423
70647,"Mb-109","24-Feb-16",2016,"JKI 15 AM-R30 C2",2.58604,5.16,49.8829
70648,"Mb-110","24-Feb-16",2016,"JKI 15 AM-R29 C2",3.63422,7.46,51.2839
70649,"Mb-111","24-Feb-16",2016,"JKI 15 AM-R28 C2",1.28015,1.92,33.3253
70650,"Mb-113","24-Feb-16",2016,"JKI 15 AM-R27 C2",1.65793,2.38,30.339
70651,"Mb-115","24-Feb-16",2016,"JKI 15 AM-R26 C2",1.71206,2.58,33.641
70654,"Mb-140","24-Feb-16",2016,"JKI 15 AM-R23 C2",4.00358,5.44,26.4048
70655,"Mb-142","24-Feb-16",2016,"JKI 15 AM-R22 C2",3.12666,4.2,25.5558
70656,"Mb-144","24-Feb-16",2016,"JKI 15 AM-R21 C2",3.6657,5.4,32.1167
70657,"Mb-146","24-Feb-16",2016,"JKI 15 AM-R20 C2",3.00095,4.08,26.4474
70661,"Mb-148","24-Feb-16",2016,"JKI 15 AM-R21 C3",2.05679,3.12,34.0771
70662,"Mb-149","24-Feb-16",2016,"JKI 15 AM-R22 C3",3.54087,5.9,39.9852
70663,"Mb-166","24-Feb-16",2016,"JKI 15 AM-R23 C3",0.755762,1.24,39.0515
70664,"Mb-167","24-Feb-16",2016,"JKI 15 AM-R24 C3",1.15193,2.52,54.2885
70665,"Mb-177","24-Feb-16",2016,"JKI 15 AM-R25 C3",NA,NA,26.3781
70666,"Mb-99","24-Feb-16",2016,"JKI 15 AM-R26 C3",2.4387,4.1,40.5196
70668,"Mb-188","24-Feb-16",2016,"JKI 15 AM-R28 C3",5.81164,9.56,39.2088
70669,"Mb-221","22-Feb-16",2016,"JKI 15 AM-R29 C3",NA,0.84,NA
70670,"Mb-226","24-Feb-16",2016,"JKI 15 AM-R30 C3",NA,NA,31.419
70671,"Mb-229","24-Feb-16",2016,"JKI 15 AM-R31 C3",0.943729,1.28,26.2712
70674,"Mb-272","24-Feb-16",2016,"JKI 15 AM-R34 C3",1.83204,2.74,33.1373
70675,"Mb-297","24-Feb-16",2016,"JKI 15 AM-R35 C3",1.68146,2.72,38.1815
70678,"Mb-306","25-Feb-16",2016,"JKI 15 AM-R35 C4",NA,NA,36.9203
70679,"Mb-307","25-Feb-16",2016,"JKI 15 AM-R34 C4",4.69242,6.7,29.9639
70680,"Mb-308","25-Feb-16",2016,"JKI 15 AM-R33 C4",3.38981,5.52,38.5904
70681,"Mb-309","25-Feb-16",2016,"JKI 15 AM-R32 C4",5.08814,8.36,39.1371
70682,"Mb-310","25-Feb-16",2016,"JKI 15 AM-R31 C4",2.40209,3.88,38.0906
70684,"Mb-353","25-Feb-16",2016,"JKI 15 AM-R29 C4",NA,NA,27.5837
70687,"Mb-383_1","25-Feb-16",2016,"JKI 15 AM-R26 C4",NA,NA,43.9493
70688,"Mb-391","25-Feb-16",2016,"JKI 15 AM-R25 C4",NA,NA,37.5124
70689,"Mb-393_1","23-Feb-16",2016,"JKI 15 AM-R24 C4",NA,NA,39.7327
70690,"Mb-397","24-Feb-16",2016,"JKI 15 AM-R23 C4",NA,NA,41.9365
70692,"Mb-99","25-Feb-16",2016,"JKI 15 AM-R21 C4",NA,NA,29.329
70693,"Mb-401","25-Feb-16",2016,"JKI 15 AM-R20 C4",NA,NA,44.3462
70721,"Mb-526_13","29-Feb-16",2016,"JKI 15 AM-R28 C6",1.41466,1.64,13.7405
70722,"Mb-527_1","29-Feb-16",2016,"JKI 15 AM-R27 C6",0.635507,0.72,11.7352
70740,"Mb-99","29-Feb-16",2016,"JKI 15 AM-R28 C7",2.59348,3.16,17.9278
70763,"Mb-99","25-Feb-16",2016,"JKI 15 AM-R22 C8",NA,2.44,NA
70773,"Mb-910_11","29-Feb-16",2016,"JKI 15 AM-R25 C9",2.10132,2.74,23.3096
70781,"Mb-928_18","29-Feb-16",2016,"JKI 15 AM-R33 C9",3.32807,5.58,40.3571
70782,"Mb-930","29-Feb-16",2016,"JKI 15 AM-R34 C9",2.47675,4.06,38.9962
70786,"Mb-931_12","29-Feb-16",2016,"JKI 15 AM-R35 C10",1.93493,2.72,28.8627
70787,"Mb-933_11","29-Feb-16",2016,"JKI 15 AM-R34 C10",2.88331,4.12,30.0167
70788,"Mb-99","29-Feb-16",2016,"JKI 15 AM-R33 C10",2.20624,2.58,14.4869
70797,"Mb-960_20","29-Feb-16",2016,"JKI 15 AM-R24 C10",1.76202,2.1,16.0944
70798,"Mb-960_20","29-Feb-16",2016,"JKI 15 AM-R23 C10",0.842562,1.82,53.7054
70808,"Mb-974_19","29-Feb-16",2016,"JKI 15 AM-R24 C11",3.67519,4.94,25.6034
70811,"Mb-99","29-Feb-16",2016,"JKI 15 AM-R27 C11",1.94337,2.5,22.2651
70832,"Mb-1086_54","29-Feb-16",2016,"JKI 15 AM-R25 C12",5.43447,7.56,28.1154
70834,"Mb-99","29-Feb-16",2016,"JKI 15 AM-R23 C12",2.42993,3.02,19.5387
70847,"Mb-1130_51","29-Feb-16",2016,"JKI 15 AM-R27 C13",4.46613,6.08,26.5439
70859,"Mb-99","29-Feb-16",2016,"JKI 15 AM-R34 C14",4.208,5.26,20
70860,"Mb-1153_20","29-Feb-16",2016,"JKI 15 AM-R33 C14",2.57387,3.68,30.0578
70861,"Mb-1153_20","29-Feb-16",2016,"JKI 15 AM-R32 C14",3.65303,6.18,40.8894
70863,"Mb-1156_13","29-Feb-16",2016,"JKI 15 AM-R30 C14",2.31936,3.84,39.6
70876,"Mb-1205_12","29-Feb-16",2016,"JKI 15 AM-R20 C15",4.62699,5.4,14.3149
70878,"Mb-1231_18","29-Feb-16",2016,"JKI 15 AM-R22 C15",3.48921,6.12,42.9867
70880,"Mb-1238_1","25-Feb-16",2016,"JKI 15 AM-R24 C15",NA,1.94,NA
70885,"Mb-99","29-Feb-16",2016,"JKI 15 AM-R29 C15",1.7632,2.22,20.5767
70888,"Mb-1485_42","29-Feb-16",2016,"JKI 15 AM-R32 C15",3.48338,5.26,33.7761
70889,"Mb-1486_1","29-Feb-16",2016,"JKI 15 AM-R33 C15",4.35399,5.38,19.0709
70890,"Mx-1548_12","29-Feb-16",2016,"JKI 15 AM-R34 C15",1.01715,1.22,16.6271
70891,"Mx-1915_12","29-Feb-16",2016,"JKI 15 AM-R35 C15",2.41714,2.82,14.2857
70894,"Mx-1932_13","29-Feb-16",2016,"JKI 15 AM-R35 C16",2.52489,3.06,17.4873
70895,"Mx-1933_11","29-Feb-16",2016,"JKI 15 AM-R34 C16",3.25802,4.08,20.1465
70896,"Mx-1956_15","29-Feb-16",2016,"JKI 15 AM-R33 C16",2.34558,3,21.814
70897,"Mx-2446_1","29-Feb-16",2016,"JKI 15 AM-R32 C16",3.2103,5.22,38.5
