"Trial","term","component","std.error","z.ratio","bound","X.ch"
"ABR33","Year:Block",0.0386112090129487,0.0323134321032182,1.19489656467359,"P",0
"ABR33","Year:Col",0.00888852167571408,0.00799015522687458,1.11243416721341,"P",0
"ABR33","Year:Row",0.00960316231926876,0.00917060276993171,1.04716806083405,"P",0.1
"ABR33","Genotype:Year",0.0620797063753655,0.0242554377059964,2.55941398080885,"P",0
"ABR33","Plot",0.250946367495561,0.0389503335669041,6.4427270453157,"P",0
"ABR33","Year_2015!R",0.0243043385346247,0.029010384349312,0.837780645784552,"P",0.1
"ABR33","Year_2016!R",0.406723787802375,0.0559639610783999,7.26760186314539,"P",0
"JKI","Year:Block",0.00737287173792763,0.00809257796691455,0.911065888777428,"P",0
"JKI","Plot",0.0127589840331454,0.00154499121124949,8.25828907002438,"P",0
"JKI","Genotype:Year",0.336254203155637,0.0454455746401432,7.39905273105768,"P",0
"JKI","Year_2014!R",2.59947999642269e-08,NA,NA,"B",NA
"JKI","Year_2015!R",0.269867265967687,0.0312605195959531,8.63284646115168,"P",0
"JKI","Year_2016!R",0.491536068867289,0.0814971186134868,6.03133064370629,"P",0
