"task","split","model","target","Environment","PA_chain1","PA_chain2","PA_chain3","PA_range","minimum_prediction_correlation"
321,1,"M3","Raw","ABR33",0.302607093605619,0.308962060666618,0.299863612920707,0.00909844774591179,0.996069390391651
321,1,"M3","Raw","JKI",0.495287956442489,0.4936901119505,0.387116434904161,0.108171521538328,0.960222477761092
371,51,"M3","Raw","ABR33",0.643431918153846,0.643175385049456,0.647676810994649,0.00450142594519298,0.99945766867693
371,51,"M3","Raw","JKI",0.399114109366955,0.394873233651905,0.387212831494576,0.0119012778723788,0.996742689330599
421,101,"M3","Raw","ABR33",0.532284727194513,0.540674861679559,0.513067825115586,0.0276070365639731,0.988043998499744
421,101,"M3","Raw","JKI",0.478474078919769,0.477102357343182,0.448627641145296,0.0298464377744727,0.992744243960705
471,151,"M3","Raw","ABR33",0.434786022871249,0.43307772925407,0.415628826880687,0.0191571959905615,0.993489220193179
471,151,"M3","Raw","JKI",0.315109328362463,0.382425464536982,0.400470424663324,0.085361096300861,0.931365182833325
801,1,"M3","Group_adjusted","ABR33",0.16756539765748,0.199668371238711,0.183758878505299,0.0321029735812316,0.97497900416565
801,1,"M3","Group_adjusted","JKI",0.404606229580659,0.402690281672704,0.272389235914543,0.132216993666116,0.938537699738142
851,51,"M3","Group_adjusted","ABR33",0.55849813977361,0.552186504864635,0.560881237838948,0.00869473297431367,0.998697478984019
851,51,"M3","Group_adjusted","JKI",0.41300300549899,0.412385726522238,0.39708916413261,0.0159138413663792,0.996797050607712
901,101,"M3","Group_adjusted","ABR33",0.324740946728418,0.342630003252661,0.326695967501953,0.0178890565242431,0.980373556050521
901,101,"M3","Group_adjusted","JKI",0.359437145443643,0.365912383412994,0.341803616434674,0.0241087669783206,0.991877655318724
951,151,"M3","Group_adjusted","ABR33",0.205564275118532,0.177472999353175,0.182817380929569,0.0280912757653569,0.916392861305655
951,151,"M3","Group_adjusted","JKI",0.237038241082833,0.260979142888372,0.304974696160612,0.0679364550777788,0.814543952083189
