"task","split","model","target","term","split_Rhat","rank_split_Rhat"
321,1,"M3","Raw","bg_ETA_ENV_varB.dat",1.00200721929051,1.00129731091663
321,1,"M3","Raw","bg_ETA_GENO_varU.dat",1.00313733751724,1.00380840300315
321,1,"M3","Raw","bg_ETA_GXE_varU.dat",1.00320521708549,1.00494488351934
321,1,"M3","Raw","bg_ETA_LINE_varB.dat",1.00246757902913,1.00295470732102
321,1,"M3","Raw","bg_varE.dat",1.00462569326791,1.0037010465168
371,51,"M3","Raw","bg_ETA_ENV_varB.dat",1.00098740746761,1.00090567232605
371,51,"M3","Raw","bg_ETA_GENO_varU.dat",1.00070195565772,1.00063821420154
371,51,"M3","Raw","bg_ETA_GXE_varU.dat",1.00646817215802,1.00690341588092
371,51,"M3","Raw","bg_ETA_LINE_varB.dat",1.00188912428112,1.00222099095102
371,51,"M3","Raw","bg_varE.dat",1.0009734987061,1.00112291552168
421,101,"M3","Raw","bg_ETA_ENV_varB.dat",1.01370099304511,1.00735150122514
421,101,"M3","Raw","bg_ETA_GENO_varU.dat",1.01703807653152,1.01612131228776
421,101,"M3","Raw","bg_ETA_GXE_varU.dat",1.00312183793181,1.00475739834606
421,101,"M3","Raw","bg_ETA_LINE_varB.dat",1.00517406909666,1.00434595929358
421,101,"M3","Raw","bg_varE.dat",1.00021237143485,1.00054698534082
471,151,"M3","Raw","bg_ETA_ENV_varB.dat",1.0105913690019,1.00695320759616
471,151,"M3","Raw","bg_ETA_GENO_varU.dat",1.0037745608744,1.00369019190933
471,151,"M3","Raw","bg_ETA_GXE_varU.dat",1.01221209208058,1.00938282380487
471,151,"M3","Raw","bg_ETA_LINE_varB.dat",1.00792680899984,1.01030555510571
471,151,"M3","Raw","bg_varE.dat",1.00281463381171,1.00368835870465
801,1,"M3","Group_adjusted","bg_ETA_ENV_varB.dat",1.00166351903084,1.00097291471338
801,1,"M3","Group_adjusted","bg_ETA_GENO_varU.dat",1.00369303861791,1.00445209614136
801,1,"M3","Group_adjusted","bg_ETA_GXE_varU.dat",1.00062146622182,1.00357155585324
801,1,"M3","Group_adjusted","bg_ETA_LINE_varB.dat",1.00206976732324,1.00285118169627
801,1,"M3","Group_adjusted","bg_varE.dat",1.00180474173413,1.00379466837005
851,51,"M3","Group_adjusted","bg_ETA_ENV_varB.dat",1.0006513845067,1.00042830145147
851,51,"M3","Group_adjusted","bg_ETA_GENO_varU.dat",1.00125641828356,1.00095642889914
851,51,"M3","Group_adjusted","bg_ETA_GXE_varU.dat",1.00671820802352,1.00748153427768
851,51,"M3","Group_adjusted","bg_ETA_LINE_varB.dat",1.00123515293284,1.00142990101231
851,51,"M3","Group_adjusted","bg_varE.dat",1.00149632501232,1.00144077123969
901,101,"M3","Group_adjusted","bg_ETA_ENV_varB.dat",1.01265382970019,1.00515312302465
901,101,"M3","Group_adjusted","bg_ETA_GENO_varU.dat",1.01296937281582,1.0127288531218
901,101,"M3","Group_adjusted","bg_ETA_GXE_varU.dat",1.00436670831467,1.00445653784775
901,101,"M3","Group_adjusted","bg_ETA_LINE_varB.dat",1.00357479523628,1.00416922465452
901,101,"M3","Group_adjusted","bg_varE.dat",0.999763853562583,0.999997642472794
951,151,"M3","Group_adjusted","bg_ETA_ENV_varB.dat",1.01121459375179,1.00774786953314
951,151,"M3","Group_adjusted","bg_ETA_GENO_varU.dat",1.00332594787959,1.00240777522121
951,151,"M3","Group_adjusted","bg_ETA_GXE_varU.dat",1.00749477029566,1.00563571416507
951,151,"M3","Group_adjusted","bg_ETA_LINE_varB.dat",1.00612137785669,1.00756873405247
951,151,"M3","Group_adjusted","bg_varE.dat",1.00141965105684,1.00193123166647
