"trait","setting","task","split","model","target","Environment","PA_range","minimum_prediction_correlation"
"MC","main",321,1,"M3","Raw","ABR33",0.00675398244060499,0.997174114183275
"MC","main",321,1,"M3","Raw","JKI",0.020084444351846,0.994612997269389
"MC","main",371,51,"M3","Raw","ABR33",0.00640443463371776,0.999569888838075
"MC","main",371,51,"M3","Raw","JKI",0.00416426893724786,0.999382890533925
"MC","main",421,101,"M3","Raw","ABR33",0.00608400635823247,0.996251619251473
"MC","main",421,101,"M3","Raw","JKI",0.0118561473848793,0.99710448039466
"MC","main",471,151,"M3","Raw","ABR33",0.00879526666865438,0.993260255631201
"MC","main",471,151,"M3","Raw","JKI",0.0295573698133099,0.989828030897619
"MC","main",801,1,"M3","Group_adjusted","ABR33",0.0694584448589761,0.970356027248218
"MC","main",801,1,"M3","Group_adjusted","JKI",0.0599911385490531,0.968631381806717
"MC","main",851,51,"M3","Group_adjusted","ABR33",0.0105932016944937,0.998592570491937
"MC","main",851,51,"M3","Group_adjusted","JKI",0.00661501857122782,0.998890485244452
"MC","main",901,101,"M3","Group_adjusted","ABR33",0.0162444460852038,0.978403745104253
"MC","main",901,101,"M3","Group_adjusted","JKI",0.026196210128459,0.990460633396986
"MC","main",951,151,"M3","Group_adjusted","ABR33",0.0689222094127005,0.90825220612895
"MC","main",951,151,"M3","Group_adjusted","JKI",0.133706925007555,0.670841717529514
