"split","model","target"
1,"M1","Raw"
2,"M1","Raw"
3,"M1","Raw"
4,"M1","Raw"
5,"M1","Raw"
6,"M1","Raw"
7,"M1","Raw"
8,"M1","Raw"
9,"M1","Raw"
10,"M1","Raw"
11,"M1","Raw"
12,"M1","Raw"
13,"M1","Raw"
14,"M1","Raw"
15,"M1","Raw"
16,"M1","Raw"
17,"M1","Raw"
18,"M1","Raw"
19,"M1","Raw"
20,"M1","Raw"
21,"M1","Raw"
22,"M1","Raw"
23,"M1","Raw"
24,"M1","Raw"
25,"M1","Raw"
26,"M1","Raw"
27,"M1","Raw"
28,"M1","Raw"
29,"M1","Raw"
30,"M1","Raw"
31,"M1","Raw"
32,"M1","Raw"
33,"M1","Raw"
34,"M1","Raw"
35,"M1","Raw"
36,"M1","Raw"
37,"M1","Raw"
38,"M1","Raw"
39,"M1","Raw"
40,"M1","Raw"
41,"M1","Raw"
42,"M1","Raw"
43,"M1","Raw"
44,"M1","Raw"
45,"M1","Raw"
46,"M1","Raw"
47,"M1","Raw"
48,"M1","Raw"
49,"M1","Raw"
50,"M1","Raw"
51,"M1","Raw"
52,"M1","Raw"
53,"M1","Raw"
54,"M1","Raw"
55,"M1","Raw"
56,"M1","Raw"
57,"M1","Raw"
58,"M1","Raw"
59,"M1","Raw"
60,"M1","Raw"
61,"M1","Raw"
62,"M1","Raw"
63,"M1","Raw"
64,"M1","Raw"
65,"M1","Raw"
66,"M1","Raw"
67,"M1","Raw"
68,"M1","Raw"
69,"M1","Raw"
70,"M1","Raw"
71,"M1","Raw"
72,"M1","Raw"
73,"M1","Raw"
74,"M1","Raw"
75,"M1","Raw"
76,"M1","Raw"
77,"M1","Raw"
78,"M1","Raw"
79,"M1","Raw"
80,"M1","Raw"
81,"M1","Raw"
82,"M1","Raw"
83,"M1","Raw"
84,"M1","Raw"
85,"M1","Raw"
86,"M1","Raw"
87,"M1","Raw"
88,"M1","Raw"
89,"M1","Raw"
90,"M1","Raw"
91,"M1","Raw"
92,"M1","Raw"
93,"M1","Raw"
94,"M1","Raw"
95,"M1","Raw"
96,"M1","Raw"
97,"M1","Raw"
98,"M1","Raw"
99,"M1","Raw"
100,"M1","Raw"
101,"M1","Raw"
102,"M1","Raw"
103,"M1","Raw"
104,"M1","Raw"
105,"M1","Raw"
106,"M1","Raw"
107,"M1","Raw"
108,"M1","Raw"
109,"M1","Raw"
110,"M1","Raw"
111,"M1","Raw"
112,"M1","Raw"
113,"M1","Raw"
114,"M1","Raw"
115,"M1","Raw"
116,"M1","Raw"
117,"M1","Raw"
118,"M1","Raw"
119,"M1","Raw"
120,"M1","Raw"
121,"M1","Raw"
122,"M1","Raw"
123,"M1","Raw"
124,"M1","Raw"
125,"M1","Raw"
126,"M1","Raw"
127,"M1","Raw"
128,"M1","Raw"
129,"M1","Raw"
130,"M1","Raw"
131,"M1","Raw"
132,"M1","Raw"
133,"M1","Raw"
134,"M1","Raw"
135,"M1","Raw"
136,"M1","Raw"
137,"M1","Raw"
138,"M1","Raw"
139,"M1","Raw"
140,"M1","Raw"
141,"M1","Raw"
142,"M1","Raw"
143,"M1","Raw"
144,"M1","Raw"
145,"M1","Raw"
146,"M1","Raw"
147,"M1","Raw"
148,"M1","Raw"
149,"M1","Raw"
150,"M1","Raw"
151,"M1","Raw"
152,"M1","Raw"
153,"M1","Raw"
154,"M1","Raw"
155,"M1","Raw"
156,"M1","Raw"
157,"M1","Raw"
158,"M1","Raw"
159,"M1","Raw"
160,"M1","Raw"
1,"M2","Raw"
2,"M2","Raw"
3,"M2","Raw"
4,"M2","Raw"
5,"M2","Raw"
6,"M2","Raw"
7,"M2","Raw"
8,"M2","Raw"
9,"M2","Raw"
10,"M2","Raw"
11,"M2","Raw"
12,"M2","Raw"
13,"M2","Raw"
14,"M2","Raw"
15,"M2","Raw"
16,"M2","Raw"
17,"M2","Raw"
18,"M2","Raw"
19,"M2","Raw"
20,"M2","Raw"
21,"M2","Raw"
22,"M2","Raw"
23,"M2","Raw"
24,"M2","Raw"
25,"M2","Raw"
26,"M2","Raw"
27,"M2","Raw"
28,"M2","Raw"
29,"M2","Raw"
30,"M2","Raw"
31,"M2","Raw"
32,"M2","Raw"
33,"M2","Raw"
34,"M2","Raw"
35,"M2","Raw"
36,"M2","Raw"
37,"M2","Raw"
38,"M2","Raw"
39,"M2","Raw"
40,"M2","Raw"
41,"M2","Raw"
42,"M2","Raw"
43,"M2","Raw"
44,"M2","Raw"
45,"M2","Raw"
46,"M2","Raw"
47,"M2","Raw"
48,"M2","Raw"
49,"M2","Raw"
50,"M2","Raw"
51,"M2","Raw"
52,"M2","Raw"
53,"M2","Raw"
54,"M2","Raw"
55,"M2","Raw"
56,"M2","Raw"
57,"M2","Raw"
58,"M2","Raw"
59,"M2","Raw"
60,"M2","Raw"
61,"M2","Raw"
62,"M2","Raw"
63,"M2","Raw"
64,"M2","Raw"
65,"M2","Raw"
66,"M2","Raw"
67,"M2","Raw"
68,"M2","Raw"
69,"M2","Raw"
70,"M2","Raw"
71,"M2","Raw"
72,"M2","Raw"
73,"M2","Raw"
74,"M2","Raw"
75,"M2","Raw"
76,"M2","Raw"
77,"M2","Raw"
78,"M2","Raw"
79,"M2","Raw"
80,"M2","Raw"
81,"M2","Raw"
82,"M2","Raw"
83,"M2","Raw"
84,"M2","Raw"
85,"M2","Raw"
86,"M2","Raw"
87,"M2","Raw"
88,"M2","Raw"
89,"M2","Raw"
90,"M2","Raw"
91,"M2","Raw"
92,"M2","Raw"
93,"M2","Raw"
94,"M2","Raw"
95,"M2","Raw"
96,"M2","Raw"
97,"M2","Raw"
98,"M2","Raw"
99,"M2","Raw"
100,"M2","Raw"
101,"M2","Raw"
102,"M2","Raw"
103,"M2","Raw"
104,"M2","Raw"
105,"M2","Raw"
106,"M2","Raw"
107,"M2","Raw"
108,"M2","Raw"
109,"M2","Raw"
110,"M2","Raw"
111,"M2","Raw"
112,"M2","Raw"
113,"M2","Raw"
114,"M2","Raw"
115,"M2","Raw"
116,"M2","Raw"
117,"M2","Raw"
118,"M2","Raw"
119,"M2","Raw"
120,"M2","Raw"
121,"M2","Raw"
122,"M2","Raw"
123,"M2","Raw"
124,"M2","Raw"
125,"M2","Raw"
126,"M2","Raw"
127,"M2","Raw"
128,"M2","Raw"
129,"M2","Raw"
130,"M2","Raw"
131,"M2","Raw"
132,"M2","Raw"
133,"M2","Raw"
134,"M2","Raw"
135,"M2","Raw"
136,"M2","Raw"
137,"M2","Raw"
138,"M2","Raw"
139,"M2","Raw"
140,"M2","Raw"
141,"M2","Raw"
142,"M2","Raw"
143,"M2","Raw"
144,"M2","Raw"
145,"M2","Raw"
146,"M2","Raw"
147,"M2","Raw"
148,"M2","Raw"
149,"M2","Raw"
150,"M2","Raw"
151,"M2","Raw"
152,"M2","Raw"
153,"M2","Raw"
154,"M2","Raw"
155,"M2","Raw"
156,"M2","Raw"
157,"M2","Raw"
158,"M2","Raw"
159,"M2","Raw"
160,"M2","Raw"
1,"M3","Raw"
2,"M3","Raw"
3,"M3","Raw"
4,"M3","Raw"
5,"M3","Raw"
6,"M3","Raw"
7,"M3","Raw"
8,"M3","Raw"
9,"M3","Raw"
10,"M3","Raw"
11,"M3","Raw"
12,"M3","Raw"
13,"M3","Raw"
14,"M3","Raw"
15,"M3","Raw"
16,"M3","Raw"
17,"M3","Raw"
18,"M3","Raw"
19,"M3","Raw"
20,"M3","Raw"
21,"M3","Raw"
22,"M3","Raw"
23,"M3","Raw"
24,"M3","Raw"
25,"M3","Raw"
26,"M3","Raw"
27,"M3","Raw"
28,"M3","Raw"
29,"M3","Raw"
30,"M3","Raw"
31,"M3","Raw"
32,"M3","Raw"
33,"M3","Raw"
34,"M3","Raw"
35,"M3","Raw"
36,"M3","Raw"
37,"M3","Raw"
38,"M3","Raw"
39,"M3","Raw"
40,"M3","Raw"
41,"M3","Raw"
42,"M3","Raw"
43,"M3","Raw"
44,"M3","Raw"
45,"M3","Raw"
46,"M3","Raw"
47,"M3","Raw"
48,"M3","Raw"
49,"M3","Raw"
50,"M3","Raw"
51,"M3","Raw"
52,"M3","Raw"
53,"M3","Raw"
54,"M3","Raw"
55,"M3","Raw"
56,"M3","Raw"
57,"M3","Raw"
58,"M3","Raw"
59,"M3","Raw"
60,"M3","Raw"
61,"M3","Raw"
62,"M3","Raw"
63,"M3","Raw"
64,"M3","Raw"
65,"M3","Raw"
66,"M3","Raw"
67,"M3","Raw"
68,"M3","Raw"
69,"M3","Raw"
70,"M3","Raw"
71,"M3","Raw"
72,"M3","Raw"
73,"M3","Raw"
74,"M3","Raw"
75,"M3","Raw"
76,"M3","Raw"
77,"M3","Raw"
78,"M3","Raw"
79,"M3","Raw"
80,"M3","Raw"
81,"M3","Raw"
82,"M3","Raw"
83,"M3","Raw"
84,"M3","Raw"
85,"M3","Raw"
86,"M3","Raw"
87,"M3","Raw"
88,"M3","Raw"
89,"M3","Raw"
90,"M3","Raw"
91,"M3","Raw"
92,"M3","Raw"
93,"M3","Raw"
94,"M3","Raw"
95,"M3","Raw"
96,"M3","Raw"
97,"M3","Raw"
98,"M3","Raw"
99,"M3","Raw"
100,"M3","Raw"
101,"M3","Raw"
102,"M3","Raw"
103,"M3","Raw"
104,"M3","Raw"
105,"M3","Raw"
106,"M3","Raw"
107,"M3","Raw"
108,"M3","Raw"
109,"M3","Raw"
110,"M3","Raw"
111,"M3","Raw"
112,"M3","Raw"
113,"M3","Raw"
114,"M3","Raw"
115,"M3","Raw"
116,"M3","Raw"
117,"M3","Raw"
118,"M3","Raw"
119,"M3","Raw"
120,"M3","Raw"
121,"M3","Raw"
122,"M3","Raw"
123,"M3","Raw"
124,"M3","Raw"
125,"M3","Raw"
126,"M3","Raw"
127,"M3","Raw"
128,"M3","Raw"
129,"M3","Raw"
130,"M3","Raw"
131,"M3","Raw"
132,"M3","Raw"
133,"M3","Raw"
134,"M3","Raw"
135,"M3","Raw"
136,"M3","Raw"
137,"M3","Raw"
138,"M3","Raw"
139,"M3","Raw"
140,"M3","Raw"
141,"M3","Raw"
142,"M3","Raw"
143,"M3","Raw"
144,"M3","Raw"
145,"M3","Raw"
146,"M3","Raw"
147,"M3","Raw"
148,"M3","Raw"
149,"M3","Raw"
150,"M3","Raw"
151,"M3","Raw"
152,"M3","Raw"
153,"M3","Raw"
154,"M3","Raw"
155,"M3","Raw"
156,"M3","Raw"
157,"M3","Raw"
158,"M3","Raw"
159,"M3","Raw"
160,"M3","Raw"
1,"M1","Group_adjusted"
2,"M1","Group_adjusted"
3,"M1","Group_adjusted"
4,"M1","Group_adjusted"
5,"M1","Group_adjusted"
6,"M1","Group_adjusted"
7,"M1","Group_adjusted"
8,"M1","Group_adjusted"
9,"M1","Group_adjusted"
10,"M1","Group_adjusted"
11,"M1","Group_adjusted"
12,"M1","Group_adjusted"
13,"M1","Group_adjusted"
14,"M1","Group_adjusted"
15,"M1","Group_adjusted"
16,"M1","Group_adjusted"
17,"M1","Group_adjusted"
18,"M1","Group_adjusted"
19,"M1","Group_adjusted"
20,"M1","Group_adjusted"
21,"M1","Group_adjusted"
22,"M1","Group_adjusted"
23,"M1","Group_adjusted"
24,"M1","Group_adjusted"
25,"M1","Group_adjusted"
26,"M1","Group_adjusted"
27,"M1","Group_adjusted"
28,"M1","Group_adjusted"
29,"M1","Group_adjusted"
30,"M1","Group_adjusted"
31,"M1","Group_adjusted"
32,"M1","Group_adjusted"
33,"M1","Group_adjusted"
34,"M1","Group_adjusted"
35,"M1","Group_adjusted"
36,"M1","Group_adjusted"
37,"M1","Group_adjusted"
38,"M1","Group_adjusted"
39,"M1","Group_adjusted"
40,"M1","Group_adjusted"
41,"M1","Group_adjusted"
42,"M1","Group_adjusted"
43,"M1","Group_adjusted"
44,"M1","Group_adjusted"
45,"M1","Group_adjusted"
46,"M1","Group_adjusted"
47,"M1","Group_adjusted"
48,"M1","Group_adjusted"
49,"M1","Group_adjusted"
50,"M1","Group_adjusted"
51,"M1","Group_adjusted"
52,"M1","Group_adjusted"
53,"M1","Group_adjusted"
54,"M1","Group_adjusted"
55,"M1","Group_adjusted"
56,"M1","Group_adjusted"
57,"M1","Group_adjusted"
58,"M1","Group_adjusted"
59,"M1","Group_adjusted"
60,"M1","Group_adjusted"
61,"M1","Group_adjusted"
62,"M1","Group_adjusted"
63,"M1","Group_adjusted"
64,"M1","Group_adjusted"
65,"M1","Group_adjusted"
66,"M1","Group_adjusted"
67,"M1","Group_adjusted"
68,"M1","Group_adjusted"
69,"M1","Group_adjusted"
70,"M1","Group_adjusted"
71,"M1","Group_adjusted"
72,"M1","Group_adjusted"
73,"M1","Group_adjusted"
74,"M1","Group_adjusted"
75,"M1","Group_adjusted"
76,"M1","Group_adjusted"
77,"M1","Group_adjusted"
78,"M1","Group_adjusted"
79,"M1","Group_adjusted"
80,"M1","Group_adjusted"
81,"M1","Group_adjusted"
82,"M1","Group_adjusted"
83,"M1","Group_adjusted"
84,"M1","Group_adjusted"
85,"M1","Group_adjusted"
86,"M1","Group_adjusted"
87,"M1","Group_adjusted"
88,"M1","Group_adjusted"
89,"M1","Group_adjusted"
90,"M1","Group_adjusted"
91,"M1","Group_adjusted"
92,"M1","Group_adjusted"
93,"M1","Group_adjusted"
94,"M1","Group_adjusted"
95,"M1","Group_adjusted"
96,"M1","Group_adjusted"
97,"M1","Group_adjusted"
98,"M1","Group_adjusted"
99,"M1","Group_adjusted"
100,"M1","Group_adjusted"
101,"M1","Group_adjusted"
102,"M1","Group_adjusted"
103,"M1","Group_adjusted"
104,"M1","Group_adjusted"
105,"M1","Group_adjusted"
106,"M1","Group_adjusted"
107,"M1","Group_adjusted"
108,"M1","Group_adjusted"
109,"M1","Group_adjusted"
110,"M1","Group_adjusted"
111,"M1","Group_adjusted"
112,"M1","Group_adjusted"
113,"M1","Group_adjusted"
114,"M1","Group_adjusted"
115,"M1","Group_adjusted"
116,"M1","Group_adjusted"
117,"M1","Group_adjusted"
118,"M1","Group_adjusted"
119,"M1","Group_adjusted"
120,"M1","Group_adjusted"
121,"M1","Group_adjusted"
122,"M1","Group_adjusted"
123,"M1","Group_adjusted"
124,"M1","Group_adjusted"
125,"M1","Group_adjusted"
126,"M1","Group_adjusted"
127,"M1","Group_adjusted"
128,"M1","Group_adjusted"
129,"M1","Group_adjusted"
130,"M1","Group_adjusted"
131,"M1","Group_adjusted"
132,"M1","Group_adjusted"
133,"M1","Group_adjusted"
134,"M1","Group_adjusted"
135,"M1","Group_adjusted"
136,"M1","Group_adjusted"
137,"M1","Group_adjusted"
138,"M1","Group_adjusted"
139,"M1","Group_adjusted"
140,"M1","Group_adjusted"
141,"M1","Group_adjusted"
142,"M1","Group_adjusted"
143,"M1","Group_adjusted"
144,"M1","Group_adjusted"
145,"M1","Group_adjusted"
146,"M1","Group_adjusted"
147,"M1","Group_adjusted"
148,"M1","Group_adjusted"
149,"M1","Group_adjusted"
150,"M1","Group_adjusted"
151,"M1","Group_adjusted"
152,"M1","Group_adjusted"
153,"M1","Group_adjusted"
154,"M1","Group_adjusted"
155,"M1","Group_adjusted"
156,"M1","Group_adjusted"
157,"M1","Group_adjusted"
158,"M1","Group_adjusted"
159,"M1","Group_adjusted"
160,"M1","Group_adjusted"
1,"M2","Group_adjusted"
2,"M2","Group_adjusted"
3,"M2","Group_adjusted"
4,"M2","Group_adjusted"
5,"M2","Group_adjusted"
6,"M2","Group_adjusted"
7,"M2","Group_adjusted"
8,"M2","Group_adjusted"
9,"M2","Group_adjusted"
10,"M2","Group_adjusted"
11,"M2","Group_adjusted"
12,"M2","Group_adjusted"
13,"M2","Group_adjusted"
14,"M2","Group_adjusted"
15,"M2","Group_adjusted"
16,"M2","Group_adjusted"
17,"M2","Group_adjusted"
18,"M2","Group_adjusted"
19,"M2","Group_adjusted"
20,"M2","Group_adjusted"
21,"M2","Group_adjusted"
22,"M2","Group_adjusted"
23,"M2","Group_adjusted"
24,"M2","Group_adjusted"
25,"M2","Group_adjusted"
26,"M2","Group_adjusted"
27,"M2","Group_adjusted"
28,"M2","Group_adjusted"
29,"M2","Group_adjusted"
30,"M2","Group_adjusted"
31,"M2","Group_adjusted"
32,"M2","Group_adjusted"
33,"M2","Group_adjusted"
34,"M2","Group_adjusted"
35,"M2","Group_adjusted"
36,"M2","Group_adjusted"
37,"M2","Group_adjusted"
38,"M2","Group_adjusted"
39,"M2","Group_adjusted"
40,"M2","Group_adjusted"
41,"M2","Group_adjusted"
42,"M2","Group_adjusted"
43,"M2","Group_adjusted"
44,"M2","Group_adjusted"
45,"M2","Group_adjusted"
46,"M2","Group_adjusted"
47,"M2","Group_adjusted"
48,"M2","Group_adjusted"
49,"M2","Group_adjusted"
50,"M2","Group_adjusted"
51,"M2","Group_adjusted"
52,"M2","Group_adjusted"
53,"M2","Group_adjusted"
54,"M2","Group_adjusted"
55,"M2","Group_adjusted"
56,"M2","Group_adjusted"
57,"M2","Group_adjusted"
58,"M2","Group_adjusted"
59,"M2","Group_adjusted"
60,"M2","Group_adjusted"
61,"M2","Group_adjusted"
62,"M2","Group_adjusted"
63,"M2","Group_adjusted"
64,"M2","Group_adjusted"
65,"M2","Group_adjusted"
66,"M2","Group_adjusted"
67,"M2","Group_adjusted"
68,"M2","Group_adjusted"
69,"M2","Group_adjusted"
70,"M2","Group_adjusted"
71,"M2","Group_adjusted"
72,"M2","Group_adjusted"
73,"M2","Group_adjusted"
74,"M2","Group_adjusted"
75,"M2","Group_adjusted"
76,"M2","Group_adjusted"
77,"M2","Group_adjusted"
78,"M2","Group_adjusted"
79,"M2","Group_adjusted"
80,"M2","Group_adjusted"
81,"M2","Group_adjusted"
82,"M2","Group_adjusted"
83,"M2","Group_adjusted"
84,"M2","Group_adjusted"
85,"M2","Group_adjusted"
86,"M2","Group_adjusted"
87,"M2","Group_adjusted"
88,"M2","Group_adjusted"
89,"M2","Group_adjusted"
90,"M2","Group_adjusted"
91,"M2","Group_adjusted"
92,"M2","Group_adjusted"
93,"M2","Group_adjusted"
94,"M2","Group_adjusted"
95,"M2","Group_adjusted"
96,"M2","Group_adjusted"
97,"M2","Group_adjusted"
98,"M2","Group_adjusted"
99,"M2","Group_adjusted"
100,"M2","Group_adjusted"
101,"M2","Group_adjusted"
102,"M2","Group_adjusted"
103,"M2","Group_adjusted"
104,"M2","Group_adjusted"
105,"M2","Group_adjusted"
106,"M2","Group_adjusted"
107,"M2","Group_adjusted"
108,"M2","Group_adjusted"
109,"M2","Group_adjusted"
110,"M2","Group_adjusted"
111,"M2","Group_adjusted"
112,"M2","Group_adjusted"
113,"M2","Group_adjusted"
114,"M2","Group_adjusted"
115,"M2","Group_adjusted"
116,"M2","Group_adjusted"
117,"M2","Group_adjusted"
118,"M2","Group_adjusted"
119,"M2","Group_adjusted"
120,"M2","Group_adjusted"
121,"M2","Group_adjusted"
122,"M2","Group_adjusted"
123,"M2","Group_adjusted"
124,"M2","Group_adjusted"
125,"M2","Group_adjusted"
126,"M2","Group_adjusted"
127,"M2","Group_adjusted"
128,"M2","Group_adjusted"
129,"M2","Group_adjusted"
130,"M2","Group_adjusted"
131,"M2","Group_adjusted"
132,"M2","Group_adjusted"
133,"M2","Group_adjusted"
134,"M2","Group_adjusted"
135,"M2","Group_adjusted"
136,"M2","Group_adjusted"
137,"M2","Group_adjusted"
138,"M2","Group_adjusted"
139,"M2","Group_adjusted"
140,"M2","Group_adjusted"
141,"M2","Group_adjusted"
142,"M2","Group_adjusted"
143,"M2","Group_adjusted"
144,"M2","Group_adjusted"
145,"M2","Group_adjusted"
146,"M2","Group_adjusted"
147,"M2","Group_adjusted"
148,"M2","Group_adjusted"
149,"M2","Group_adjusted"
150,"M2","Group_adjusted"
151,"M2","Group_adjusted"
152,"M2","Group_adjusted"
153,"M2","Group_adjusted"
154,"M2","Group_adjusted"
155,"M2","Group_adjusted"
156,"M2","Group_adjusted"
157,"M2","Group_adjusted"
158,"M2","Group_adjusted"
159,"M2","Group_adjusted"
160,"M2","Group_adjusted"
1,"M3","Group_adjusted"
2,"M3","Group_adjusted"
3,"M3","Group_adjusted"
4,"M3","Group_adjusted"
5,"M3","Group_adjusted"
6,"M3","Group_adjusted"
7,"M3","Group_adjusted"
8,"M3","Group_adjusted"
9,"M3","Group_adjusted"
10,"M3","Group_adjusted"
11,"M3","Group_adjusted"
12,"M3","Group_adjusted"
13,"M3","Group_adjusted"
14,"M3","Group_adjusted"
15,"M3","Group_adjusted"
16,"M3","Group_adjusted"
17,"M3","Group_adjusted"
18,"M3","Group_adjusted"
19,"M3","Group_adjusted"
20,"M3","Group_adjusted"
21,"M3","Group_adjusted"
22,"M3","Group_adjusted"
23,"M3","Group_adjusted"
24,"M3","Group_adjusted"
25,"M3","Group_adjusted"
26,"M3","Group_adjusted"
27,"M3","Group_adjusted"
28,"M3","Group_adjusted"
29,"M3","Group_adjusted"
30,"M3","Group_adjusted"
31,"M3","Group_adjusted"
32,"M3","Group_adjusted"
33,"M3","Group_adjusted"
34,"M3","Group_adjusted"
35,"M3","Group_adjusted"
36,"M3","Group_adjusted"
37,"M3","Group_adjusted"
38,"M3","Group_adjusted"
39,"M3","Group_adjusted"
40,"M3","Group_adjusted"
41,"M3","Group_adjusted"
42,"M3","Group_adjusted"
43,"M3","Group_adjusted"
44,"M3","Group_adjusted"
45,"M3","Group_adjusted"
46,"M3","Group_adjusted"
47,"M3","Group_adjusted"
48,"M3","Group_adjusted"
49,"M3","Group_adjusted"
50,"M3","Group_adjusted"
51,"M3","Group_adjusted"
52,"M3","Group_adjusted"
53,"M3","Group_adjusted"
54,"M3","Group_adjusted"
55,"M3","Group_adjusted"
56,"M3","Group_adjusted"
57,"M3","Group_adjusted"
58,"M3","Group_adjusted"
59,"M3","Group_adjusted"
60,"M3","Group_adjusted"
61,"M3","Group_adjusted"
62,"M3","Group_adjusted"
63,"M3","Group_adjusted"
64,"M3","Group_adjusted"
65,"M3","Group_adjusted"
66,"M3","Group_adjusted"
67,"M3","Group_adjusted"
68,"M3","Group_adjusted"
69,"M3","Group_adjusted"
70,"M3","Group_adjusted"
71,"M3","Group_adjusted"
72,"M3","Group_adjusted"
73,"M3","Group_adjusted"
74,"M3","Group_adjusted"
75,"M3","Group_adjusted"
76,"M3","Group_adjusted"
77,"M3","Group_adjusted"
78,"M3","Group_adjusted"
79,"M3","Group_adjusted"
80,"M3","Group_adjusted"
81,"M3","Group_adjusted"
82,"M3","Group_adjusted"
83,"M3","Group_adjusted"
84,"M3","Group_adjusted"
85,"M3","Group_adjusted"
86,"M3","Group_adjusted"
87,"M3","Group_adjusted"
88,"M3","Group_adjusted"
89,"M3","Group_adjusted"
90,"M3","Group_adjusted"
91,"M3","Group_adjusted"
92,"M3","Group_adjusted"
93,"M3","Group_adjusted"
94,"M3","Group_adjusted"
95,"M3","Group_adjusted"
96,"M3","Group_adjusted"
97,"M3","Group_adjusted"
98,"M3","Group_adjusted"
99,"M3","Group_adjusted"
100,"M3","Group_adjusted"
101,"M3","Group_adjusted"
102,"M3","Group_adjusted"
103,"M3","Group_adjusted"
104,"M3","Group_adjusted"
105,"M3","Group_adjusted"
106,"M3","Group_adjusted"
107,"M3","Group_adjusted"
108,"M3","Group_adjusted"
109,"M3","Group_adjusted"
110,"M3","Group_adjusted"
111,"M3","Group_adjusted"
112,"M3","Group_adjusted"
113,"M3","Group_adjusted"
114,"M3","Group_adjusted"
115,"M3","Group_adjusted"
116,"M3","Group_adjusted"
117,"M3","Group_adjusted"
118,"M3","Group_adjusted"
119,"M3","Group_adjusted"
120,"M3","Group_adjusted"
121,"M3","Group_adjusted"
122,"M3","Group_adjusted"
123,"M3","Group_adjusted"
124,"M3","Group_adjusted"
125,"M3","Group_adjusted"
126,"M3","Group_adjusted"
127,"M3","Group_adjusted"
128,"M3","Group_adjusted"
129,"M3","Group_adjusted"
130,"M3","Group_adjusted"
131,"M3","Group_adjusted"
132,"M3","Group_adjusted"
133,"M3","Group_adjusted"
134,"M3","Group_adjusted"
135,"M3","Group_adjusted"
136,"M3","Group_adjusted"
137,"M3","Group_adjusted"
138,"M3","Group_adjusted"
139,"M3","Group_adjusted"
140,"M3","Group_adjusted"
141,"M3","Group_adjusted"
142,"M3","Group_adjusted"
143,"M3","Group_adjusted"
144,"M3","Group_adjusted"
145,"M3","Group_adjusted"
146,"M3","Group_adjusted"
147,"M3","Group_adjusted"
148,"M3","Group_adjusted"
149,"M3","Group_adjusted"
150,"M3","Group_adjusted"
151,"M3","Group_adjusted"
152,"M3","Group_adjusted"
153,"M3","Group_adjusted"
154,"M3","Group_adjusted"
155,"M3","Group_adjusted"
156,"M3","Group_adjusted"
157,"M3","Group_adjusted"
158,"M3","Group_adjusted"
159,"M3","Group_adjusted"
160,"M3","Group_adjusted"
