"trait","environment1","environment2","n","Pearson","Spearman","group_adjusted_Pearson"
"DM","ABR33-2015","ABR33-2015",125,1,1,1
"DM","ABR33-2015","ABR33-2016",121,0.868975637257547,0.859524454680937,0.843825093061393
"DM","ABR33-2015","JKI-2015",124,0.541310414594624,0.458974758418756,0.382192874653905
"DM","ABR33-2015","JKI-2016",70,0.441789492633037,0.422377744729245,0.311512438001433
"DM","ABR33-2016","ABR33-2016",121,1,1,1
"DM","ABR33-2016","JKI-2015",120,0.587638968944518,0.543729675203395,0.490511274478915
"DM","ABR33-2016","JKI-2016",70,0.51865942617982,0.461429446242673,0.428557384142709
"DM","JKI-2015","JKI-2015",124,1,1,1
"DM","JKI-2015","JKI-2016",70,0.749277267373827,0.699927389821113,0.681330504779318
"DM","JKI-2016","JKI-2016",70,1,1,1
"FW","ABR33-2015","ABR33-2015",125,1,1,1
"FW","ABR33-2015","ABR33-2016",121,0.900773939026518,0.875450480964639,0.880553369012398
"FW","ABR33-2015","JKI-2015",124,0.558490164990177,0.527361649723912,0.425430182057044
"FW","ABR33-2015","JKI-2016",70,0.306855684764144,0.364135807343191,0.18842282297297
"FW","ABR33-2016","ABR33-2016",121,1,1,1
"FW","ABR33-2016","JKI-2015",120,0.595908427906112,0.567369680405034,0.506004013278741
"FW","ABR33-2016","JKI-2016",70,0.413008942816959,0.428435206343105,0.328807670350014
"FW","JKI-2015","JKI-2015",124,1,1,1
"FW","JKI-2015","JKI-2016",70,0.748854491977081,0.682810326602804,0.69633367747607
"FW","JKI-2016","JKI-2016",70,1,1,1
"MC","ABR33-2015","ABR33-2015",125,1,1,1
"MC","ABR33-2015","ABR33-2016",121,0.76639444554843,0.730436255249966,0.719424653134014
"MC","ABR33-2015","JKI-2015",124,0.71445682340459,0.564777340676632,0.657505937341058
"MC","ABR33-2015","JKI-2016",78,0.471107697283599,0.484161408212041,0.461589315487961
"MC","ABR33-2016","ABR33-2016",121,1,1,1
"MC","ABR33-2016","JKI-2015",120,0.794931428886179,0.725779568025557,0.753464683811688
"MC","ABR33-2016","JKI-2016",75,0.432142023090929,0.452347083926031,0.421123013801809
"MC","JKI-2015","JKI-2015",124,1,1,1
"MC","JKI-2015","JKI-2016",78,0.540908571143585,0.553610946016009,0.550157660355185
"MC","JKI-2016","JKI-2016",78,1,1,1
