"Genotype","Environment","PopGroup","BLUE","group_mean","full_data_residual"
"Mb-102","ABR33","M. sinensis",0.988516763502826,1.18818896082383,-0.199672197321002
"Mb-1037_52","ABR33","M. sacchariflorus",0.624426431871683,0.652008674195498,-0.0275822423238147
"Mb-104","ABR33","M. x gig",0.897067014088404,2.12112413311941,-1.224057119031
"Mb-1040_17","ABR33","M. sacchariflorus",0.6065497397665,0.652008674195498,-0.0454589344289977
"Mb-1043_32","ABR33","M. sacchariflorus",0.27876953541828,0.652008674195498,-0.373239138777218
"Mb-1044_50","ABR33","M. sacchariflorus",0.45776619536146,0.652008674195498,-0.194242478834038
"Mb-1056_31","ABR33","M. sacchariflorus",0.353862962297045,0.652008674195498,-0.298145711898453
"Mb-1067_18","ABR33","M. sacchariflorus",0.848523653858819,0.652008674195498,0.196514979663321
"Mb-1086_54","ABR33","M. x gig",4.07373621340938,2.12112413311941,1.95261208028997
"Mb-109","ABR33","M. sinensis",1.12198459179778,1.18818896082383,-0.0662043690260481
"Mb-110","ABR33","M. sinensis",0.210200756093477,1.18818896082383,-0.977988204730351
"Mb-111","ABR33","M. sinensis",0.249332698880994,1.18818896082383,-0.938856261942834
"Mb-113","ABR33","M. sinensis",1.52623369270109,1.18818896082383,0.338044731877262
"Mb-1130_51","ABR33","M. x gig",2.05171215033336,2.12112413311941,-0.0694119827860473
"Mb-1132_52","ABR33","M. x gig",1.28352697503485,2.12112413311941,-0.837597158084558
"Mb-1139_19","ABR33","M. sinensis",0.66709893266625,1.18818896082383,-0.521090028157578
"Mb-1147_12","ABR33","M. sinensis",1.68863914784779,1.18818896082383,0.500450187023962
"Mb-115","ABR33","M. sinensis",0.514223931971293,1.18818896082383,-0.673965028852535
"Mb-1153_20","ABR33","M. sinensis",3.0880569355629,1.18818896082383,1.89986797473907
"Mb-1155_33","ABR33","M. sacchariflorus",0.198029512662648,0.652008674195498,-0.45397916153285
"Mb-1156_13","ABR33","M. sinensis",2.55519031686185,1.18818896082383,1.36700135603802
"Mb-1162_20","ABR33","M. sacchariflorus",1.33859014053249,0.652008674195498,0.686581466336992
"Mb-1182_16","ABR33","M. sinensis",1.92251166038344,1.18818896082383,0.734322699559612
"Mb-1205_12","ABR33","M. sinensis",1.77539899900337,1.18818896082383,0.587210038179542
"Mb-1231_18","ABR33","M. sinensis",2.03401902893772,1.18818896082383,0.845830068113892
"Mb-1238_1","ABR33","M. sinensis",0.35422864669116,1.18818896082383,-0.833960314132668
"Mb-1261_15","ABR33","M. sacchariflorus",0.86629223869575,0.652008674195498,0.214283564500252
"Mb-1353_14","ABR33","M. sacchariflorus",1.06382172134016,0.652008674195498,0.411813047144662
"Mb-14","ABR33","M. sinensis",0.765720210023191,1.18818896082383,-0.422468750800637
"Mb-140","ABR33","M. sacchariflorus",1.02993459298157,0.652008674195498,0.377925918786072
"Mb-142","ABR33","M. sacchariflorus",0.938823357388978,0.652008674195498,0.28681468319348
"Mb-144","ABR33","M. sacchariflorus",1.17614986431186,0.652008674195498,0.524141190116362
"Mb-146","ABR33","M. sacchariflorus",0.386625634460069,0.652008674195498,-0.265383039735429
"Mb-147","ABR33","M. x gig",0.901213776360059,2.12112413311941,-1.21991035675935
"Mb-148","ABR33","M. x gig",2.11300943829229,2.12112413311941,-0.00811469482711757
"Mb-1485_42","ABR33","M. x gig",3.59819221490992,2.12112413311941,1.47706808179051
"Mb-1486_1","ABR33","M. x gig",3.46132685922472,2.12112413311941,1.34020272610531
"Mb-149","ABR33","M. x gig",1.95555190011858,2.12112413311941,-0.165572233000828
"Mb-166","ABR33","M. sacchariflorus",0.591555573718179,0.652008674195498,-0.0604531004773187
"Mb-167","ABR33","M. sinensis",0.799994324917368,1.18818896082383,-0.38819463590646
"Mb-177","ABR33","M. sacchariflorus",0.997923449495231,0.652008674195498,0.345914775299733
"Mb-188","ABR33","M. x gig",3.62219532159065,2.12112413311941,1.50107118847124
"Mb-2","ABR33","M. sinensis",1.86693672622496,1.18818896082383,0.678747765401132
"Mb-221","ABR33","M. sinensis",0.56087195735842,1.18818896082383,-0.627317003465408
"Mb-226","ABR33","M. sacchariflorus",0.704025273281367,0.652008674195498,0.0520165990858693
"Mb-229","ABR33","M. sinensis",0.12352169832623,1.18818896082383,-1.0646672624976
"Mb-255","ABR33","M. sinensis",0.33643663418209,1.18818896082383,-0.851752326641738
"Mb-272","ABR33","M. sacchariflorus",0.712664592696528,0.652008674195498,0.0606559185010304
"Mb-297","ABR33","M. sacchariflorus",0.499847271447366,0.652008674195498,-0.152161402748132
"Mb-3","ABR33","M. sinensis",0.536699505849706,1.18818896082383,-0.651489454974122
"Mb-306","ABR33","M. sinensis",1.49550195023732,1.18818896082383,0.307312989413492
"Mb-307","ABR33","M. x gig",4.40327391579824,2.12112413311941,2.28214978267883
"Mb-308","ABR33","M. x gig",0.518811389244319,2.12112413311941,-1.60231274387509
"Mb-309","ABR33","M. x gig",1.00987399556374,2.12112413311941,-1.11125013755567
"Mb-31","ABR33","M. sinensis",0.972095306260158,1.18818896082383,-0.21609365456367
"Mb-310","ABR33","M. x gig",2.65056382905641,2.12112413311941,0.529439695937003
"Mb-35","ABR33","M. sinensis",0.285351577501092,1.18818896082383,-0.902837383322736
"Mb-353","ABR33","M. sacchariflorus",0.264435872556631,0.652008674195498,-0.387572801638867
"Mb-37","ABR33","M. sinensis",1.1650061656258,1.18818896082383,-0.0231827951980281
"Mb-383_1","ABR33","M. sacchariflorus",0.508797156264194,0.652008674195498,-0.143211517931304
"Mb-391","ABR33","M. sacchariflorus",0.186821724884923,0.652008674195498,-0.465186949310575
"Mb-393_1","ABR33","M. sacchariflorus",0.369301359459552,0.652008674195498,-0.282707314735946
"Mb-397","ABR33","M. sacchariflorus",0.501019412425975,0.652008674195498,-0.150989261769523
"Mb-399","ABR33","M. sacchariflorus",0.488514120531484,0.652008674195498,-0.163494553664014
"Mb-401","ABR33","M. sacchariflorus",0.376037656466093,0.652008674195498,-0.275971017729405
"Mb-411","ABR33","M. sacchariflorus",0.615413348158387,0.652008674195498,-0.0365953260371107
"Mb-416","ABR33","M. sacchariflorus",0.245336718869644,0.652008674195498,-0.406671955325854
"Mb-425_1","ABR33","M. sacchariflorus",0.51637320708736,0.652008674195498,-0.135635467108138
"Mb-427_1","ABR33","M. sacchariflorus",0.593615994954487,0.652008674195498,-0.0583926792410107
"Mb-431_1","ABR33","M. sacchariflorus",0.555836017447801,0.652008674195498,-0.0961726567476967
"Mb-434_1","ABR33","M. sinensis",1.12188802634258,1.18818896082383,-0.0663009344812482
"Mb-485_1","ABR33","M. sacchariflorus",0.768475380608354,0.652008674195498,0.116466706412856
"Mb-486","ABR33","M. sacchariflorus",0.663727870424217,0.652008674195498,0.0117191962287193
"Mb-488_15","ABR33","M. sacchariflorus",1.26971164533561,0.652008674195498,0.617702971140112
"Mb-490_10","ABR33","M. sacchariflorus",0.397009525802259,0.652008674195498,-0.254999148393239
"Mb-494_1","ABR33","M. sacchariflorus",0.89894400071735,0.652008674195498,0.246935326521852
"Mb-498_1","ABR33","M. sacchariflorus",0.441266092703932,0.652008674195498,-0.210742581491566
"Mb-502_1","ABR33","M. sacchariflorus",0.680647519421583,0.652008674195498,0.0286388452260853
"Mb-505_1","ABR33","M. sacchariflorus",0.599501205488371,0.652008674195498,-0.0525074687071266
"Mb-508","ABR33","M. sacchariflorus",0.458855087762839,0.652008674195498,-0.193153586432659
"Mb-526_13","ABR33","M. sinensis",0.566791660215166,1.18818896082383,-0.621397300608662
"Mb-527_1","ABR33","M. sinensis",0.783023605915042,1.18818896082383,-0.405165354908786
"Mb-533_1","ABR33","M. sinensis",0.395132407346296,1.18818896082383,-0.793056553477532
"Mb-539_1","ABR33","M. sinensis",0.254020711240106,1.18818896082383,-0.934168249583722
"Mb-585_1","ABR33","M. sinensis",1.02631595734163,1.18818896082383,-0.161873003482198
"Mb-628_1","ABR33","M. sacchariflorus",0.232355854975986,0.652008674195498,-0.419652819219512
"Mb-70","ABR33","M. sinensis",0.0886593351431366,1.18818896082383,-1.09952962568069
"Mb-72","ABR33","M. x gig",1.13295970524725,2.12112413311941,-0.988164427872158
"Mb-74","ABR33","M. sinensis",0.59798158369657,1.18818896082383,-0.590207377127258
"Mb-76","ABR33","M. sacchariflorus",0.235273922203914,0.652008674195498,-0.416734751991584
"Mb-770_18","ABR33","M. sacchariflorus",0.522808905314519,0.652008674195498,-0.129199768880979
"Mb-779_14","ABR33","M. sacchariflorus",0.199844013208339,0.652008674195498,-0.452164660987159
"Mb-787_13","ABR33","M. sacchariflorus",0.536228423420366,0.652008674195498,-0.115780250775132
"Mb-810_11","ABR33","M. sacchariflorus",0.336502347580715,0.652008674195498,-0.315506326614783
"Mb-819_19","ABR33","M. sacchariflorus",0.319882942377118,0.652008674195498,-0.33212573181838
"Mb-851_1","ABR33","M. sinensis",0.380625054271776,1.18818896082383,-0.807563906552052
"Mb-86","ABR33","M. sinensis",1.97740989933539,1.18818896082383,0.789220938511562
"Mb-884_1","ABR33","M. sacchariflorus",0.250233473932062,0.652008674195498,-0.401775200263436
"Mb-893_11","ABR33","M. sinensis",3.13007622034064,1.18818896082383,1.94188725951681
"Mb-9","ABR33","M. sinensis",0.508972908764368,1.18818896082383,-0.67921605205946
"Mb-910_11","ABR33","M. sinensis",3.52475267763397,1.18818896082383,2.33656371681014
"Mb-913_17","ABR33","M. sacchariflorus",1.34393758875266,0.652008674195498,0.691928914557162
"Mb-914_13","ABR33","M. sinensis",0.636935931134847,1.18818896082383,-0.551253029688981
"Mb-928_18","ABR33","M. sinensis",1.62713137055742,1.18818896082383,0.438942409733592
"Mb-930","ABR33","M. sinensis",1.46043266718882,1.18818896082383,0.272243706364992
"Mb-931_12","ABR33","M. sinensis",1.63377416236697,1.18818896082383,0.445585201543142
"Mb-933_11","ABR33","M. sinensis",2.48867144429165,1.18818896082383,1.30048248346782
"Mb-935_13","ABR33","M. sinensis",1.50676928557321,1.18818896082383,0.318580324749382
"Mb-94","ABR33","M. sacchariflorus",0.277132521996707,0.652008674195498,-0.374876152198791
"Mb-956_19","ABR33","M. sacchariflorus",1.29124887177947,0.652008674195498,0.639240197583972
"Mb-958_19","ABR33","M. sacchariflorus",0.478818448748086,0.652008674195498,-0.173190225447412
"Mb-960_20","ABR33","M. sinensis",1.42780087520492,1.18818896082383,0.239611914381092
"Mb-961_16","ABR33","M. sacchariflorus",1.50724886572466,0.652008674195498,0.855240191529162
"Mb-965_15","ABR33","M. sacchariflorus",0.767291897389548,0.652008674195498,0.11528322319405
"Mb-969_18","ABR33","M. sacchariflorus",1.23941180538498,0.652008674195498,0.587403131189482
"Mb-974_19","ABR33","M. sinensis",2.07696639910232,1.18818896082383,0.888777438278492
"Mb-99","ABR33","M. sinensis",1.02697681630482,1.18818896082383,-0.161212144519008
"Mx-1548_12","ABR33","M. x gig",0.7497760905447,2.12112413311941,-1.37134804257471
"Mx-1915_12","ABR33","M. x gig",1.4596569157534,2.12112413311941,-0.661467217366007
"Mx-1932_13","ABR33","M. x gig",2.02621914101731,2.12112413311941,-0.0949049921020975
"Mx-1933_11","ABR33","M. x gig",1.85386207419964,2.12112413311941,-0.267262058919767
"Mx-1956_15","ABR33","M. x gig",1.99214368178891,2.12112413311941,-0.128980451330498
"Mx-2446_1","ABR33","M. x gig",2.45430998475158,2.12112413311941,0.333185851632173
"Mx-2470_5","ABR33","M. sacchariflorus",1.90044321320171,0.652008674195498,1.24843453900621
"Mx-437_90","ABR33","M. x gig",2.45574834229925,2.12112413311941,0.334624209179843
"Mb-102","JKI","M. sinensis",1.6839656064148,1.5763900798595,0.107575526555302
"Mb-1037_52","JKI","M. sacchariflorus",1.48310153821469,1.66504169285086,-0.181940154636172
"Mb-104","JKI","M. x gig",2.83820039419922,2.43129944580278,0.406900948396439
"Mb-1040_17","JKI","M. sacchariflorus",1.53106104756345,1.66504169285086,-0.133980645287412
"Mb-1043_32","JKI","M. sacchariflorus",1.51515861807143,1.66504169285086,-0.149883074779432
"Mb-1044_50","JKI","M. sacchariflorus",1.3448042495209,1.66504169285086,-0.320237443329962
"Mb-1056_31","JKI","M. sacchariflorus",1.19698312343585,1.66504169285086,-0.468058569415012
"Mb-1067_18","JKI","M. sacchariflorus",1.22573128928065,1.66504169285086,-0.439310403570212
"Mb-1086_54","JKI","M. x gig",3.84782893834556,2.43129944580278,1.41652949254278
"Mb-109","JKI","M. sinensis",1.34902992092845,1.5763900798595,-0.227360158931048
"Mb-110","JKI","M. sinensis",2.38929015843834,1.5763900798595,0.812900078578842
"Mb-111","JKI","M. sinensis",1.16460537266739,1.5763900798595,-0.411784707192108
"Mb-113","JKI","M. sinensis",1.24919934262581,1.5763900798595,-0.327190737233688
"Mb-1130_51","JKI","M. x gig",2.40613022126344,2.43129944580278,-0.0251692245393405
"Mb-1132_52","JKI","M. x gig",1.57316188069185,2.43129944580278,-0.858137565110931
"Mb-1147_12","JKI","M. sinensis",1.42214361148444,1.5763900798595,-0.154246468375058
"Mb-115","JKI","M. sinensis",1.14436517115343,1.5763900798595,-0.432024908706068
"Mb-1153_20","JKI","M. sinensis",2.27791708419599,1.5763900798595,0.701527004336492
"Mb-1155_33","JKI","M. sacchariflorus",0.97424441433401,1.66504169285086,-0.690797278516852
"Mb-1156_13","JKI","M. sinensis",1.61371245086727,1.5763900798595,0.0373223710077717
"Mb-1162_20","JKI","M. sacchariflorus",2.21116849374965,1.66504169285086,0.546126800898788
"Mb-1182_16","JKI","M. sinensis",1.56566891110253,1.5763900798595,-0.0107211687569684
"Mb-1205_12","JKI","M. sinensis",2.42437187935882,1.5763900798595,0.847981799499322
"Mb-1231_18","JKI","M. sinensis",2.61666600711418,1.5763900798595,1.04027592725468
"Mb-1238_1","JKI","M. sinensis",0.814854168689674,1.5763900798595,-0.761535911169824
"Mb-1261_15","JKI","M. sacchariflorus",2.01291098969434,1.66504169285086,0.347869296843478
"Mb-1353_14","JKI","M. sacchariflorus",1.9279487227995,1.66504169285086,0.262907029948638
"Mb-14","JKI","M. sinensis",2.04406688625953,1.5763900798595,0.467676806400032
"Mb-140","JKI","M. sacchariflorus",2.13453717092146,1.66504169285086,0.469495478070598
"Mb-142","JKI","M. sacchariflorus",1.64340266497605,1.66504169285086,-0.021639027874812
"Mb-144","JKI","M. sacchariflorus",2.00478431686072,1.66504169285086,0.339742624009858
"Mb-146","JKI","M. sacchariflorus",1.6638605241152,1.66504169285086,-0.00118116873566199
"Mb-147","JKI","M. x gig",1.9623139230652,2.43129944580278,-0.468985522737581
"Mb-148","JKI","M. x gig",2.03528803708439,2.43129944580278,-0.39601140871839
"Mb-1485_42","JKI","M. x gig",2.53392074677212,2.43129944580278,0.102621300969339
"Mb-1486_1","JKI","M. x gig",2.93546906465145,2.43129944580278,0.504169618848669
"Mb-149","JKI","M. x gig",2.27597646852588,2.43129944580278,-0.155322977276901
"Mb-166","JKI","M. sacchariflorus",0.971067780221872,1.66504169285086,-0.69397391262899
"Mb-167","JKI","M. sinensis",1.38257639715773,1.5763900798595,-0.193813682701768
"Mb-177","JKI","M. sacchariflorus",1.78399890252497,1.66504169285086,0.118957209674108
"Mb-188","JKI","M. x gig",3.33627435194479,2.43129944580278,0.90497490614201
"Mb-2","JKI","M. sinensis",1.4987850981684,1.5763900798595,-0.0776049816910982
"Mb-221","JKI","M. sinensis",0.723461177309268,1.5763900798595,-0.85292890255023
"Mb-226","JKI","M. sacchariflorus",2.48150463997542,1.66504169285086,0.816462947124558
"Mb-229","JKI","M. sinensis",0.876909111117566,1.5763900798595,-0.699480968741932
"Mb-255","JKI","M. sinensis",1.19493886440557,1.5763900798595,-0.381451215453928
"Mb-272","JKI","M. sacchariflorus",1.29624065381069,1.66504169285086,-0.368801039040172
"Mb-297","JKI","M. sacchariflorus",1.34185008646567,1.66504169285086,-0.323191606385192
"Mb-3","JKI","M. sinensis",1.52126816588886,1.5763900798595,-0.0551219139706383
"Mb-306","JKI","M. sinensis",1.49288981484643,1.5763900798595,-0.0835002650130683
"Mb-307","JKI","M. x gig",3.79209552990243,2.43129944580278,1.36079608409965
"Mb-308","JKI","M. x gig",2.65016734281513,2.43129944580278,0.218867897012349
"Mb-309","JKI","M. x gig",3.24514147783484,2.43129944580278,0.813842032032059
"Mb-31","JKI","M. sinensis",1.3684574264736,1.5763900798595,-0.207932653385898
"Mb-310","JKI","M. x gig",1.95682872670452,2.43129944580278,-0.474470719098261
"Mb-35","JKI","M. sinensis",1.17093784682307,1.5763900798595,-0.405452233036428
"Mb-353","JKI","M. sacchariflorus",1.51404218284785,1.66504169285086,-0.150999510003012
"Mb-37","JKI","M. sinensis",2.62278929256884,1.5763900798595,1.04639921270934
"Mb-383_1","JKI","M. sacchariflorus",1.75369602177371,1.66504169285086,0.0886543289228481
"Mb-391","JKI","M. sacchariflorus",1.34302961306253,1.66504169285086,-0.322012079788332
"Mb-393_1","JKI","M. sacchariflorus",1.49113171385217,1.66504169285086,-0.173909978998692
"Mb-397","JKI","M. sacchariflorus",1.91353775970648,1.66504169285086,0.248496066855618
"Mb-399","JKI","M. sacchariflorus",1.75584535022847,1.66504169285086,0.0908036573776081
"Mb-401","JKI","M. sacchariflorus",1.62869754552456,1.66504169285086,-0.036344147326302
"Mb-411","JKI","M. sacchariflorus",1.6696255220397,1.66504169285086,0.00458382918883804
"Mb-416","JKI","M. sacchariflorus",1.51450716003532,1.66504169285086,-0.150534532815542
"Mb-425_1","JKI","M. sacchariflorus",1.2039489503303,1.66504169285086,-0.461092742520562
"Mb-427_1","JKI","M. sacchariflorus",1.40496300915912,1.66504169285086,-0.260078683691742
"Mb-431_1","JKI","M. sacchariflorus",1.29575924647941,1.66504169285086,-0.369282446371452
"Mb-434_1","JKI","M. sinensis",1.46519284521755,1.5763900798595,-0.111197234641948
"Mb-485_1","JKI","M. sacchariflorus",2.08791001177946,1.66504169285086,0.422868318928598
"Mb-486","JKI","M. sacchariflorus",2.33885569743831,1.66504169285086,0.673814004587448
"Mb-488_15","JKI","M. sacchariflorus",1.96702113998108,1.66504169285086,0.301979447130218
"Mb-490_10","JKI","M. sacchariflorus",1.90139249510245,1.66504169285086,0.236350802251588
"Mb-494_1","JKI","M. sacchariflorus",1.73682451911905,1.66504169285086,0.0717828262681879
"Mb-498_1","JKI","M. sacchariflorus",0.620970843598842,1.66504169285086,-1.04407084925202
"Mb-502_1","JKI","M. sacchariflorus",2.24739958758456,1.66504169285086,0.582357894733698
"Mb-505_1","JKI","M. sacchariflorus",1.8006415795461,1.66504169285086,0.135599886695238
"Mb-508","JKI","M. sacchariflorus",1.19448314124526,1.66504169285086,-0.470558551605602
"Mb-526_13","JKI","M. sinensis",1.10918860656422,1.5763900798595,-0.467201473295278
"Mb-527_1","JKI","M. sinensis",1.38540430233498,1.5763900798595,-0.190985777524518
"Mb-533_1","JKI","M. sinensis",1.18833972054164,1.5763900798595,-0.388050359317858
"Mb-539_1","JKI","M. sinensis",0.861618792409557,1.5763900798595,-0.714771287449941
"Mb-585_1","JKI","M. sinensis",1.85063496901477,1.5763900798595,0.274244889155272
"Mb-628_1","JKI","M. sacchariflorus",1.45861971826811,1.66504169285086,-0.206421974582752
"Mb-70","JKI","M. sinensis",1.51798940924352,1.5763900798595,-0.0584006706159783
"Mb-72","JKI","M. x gig",1.91276174732678,2.43129944580278,-0.518537698476001
"Mb-74","JKI","M. sinensis",1.52229320976668,1.5763900798595,-0.0540968700928184
"Mb-76","JKI","M. sacchariflorus",1.86704435040643,1.66504169285086,0.202002657555568
"Mb-770_18","JKI","M. sacchariflorus",2.09850070086986,1.66504169285086,0.433459008018998
"Mb-779_14","JKI","M. sacchariflorus",2.30434503110636,1.66504169285086,0.639303338255498
"Mb-787_13","JKI","M. sacchariflorus",1.68007493346764,1.66504169285086,0.0150332406167779
"Mb-810_11","JKI","M. sacchariflorus",1.84263005069678,1.66504169285086,0.177588357845918
"Mb-819_19","JKI","M. sacchariflorus",1.35621360423716,1.66504169285086,-0.308828088613702
"Mb-851_1","JKI","M. sinensis",1.2283320297871,1.5763900798595,-0.348058050072398
"Mb-86","JKI","M. sinensis",2.00385474732311,1.5763900798595,0.427464667463612
"Mb-884_1","JKI","M. sacchariflorus",1.66382701601393,1.66504169285086,-0.0012146768369321
"Mb-893_11","JKI","M. sinensis",1.6038329019825,1.5763900798595,0.0274428221230016
"Mb-9","JKI","M. sinensis",1.31146085934878,1.5763900798595,-0.264929220510718
"Mb-910_11","JKI","M. sinensis",1.79934266052566,1.5763900798595,0.222952580666162
"Mb-913_17","JKI","M. sacchariflorus",1.36502090040285,1.66504169285086,-0.300020792448012
"Mb-914_13","JKI","M. sinensis",1.68038817432012,1.5763900798595,0.103998094460622
"Mb-928_18","JKI","M. sinensis",2.26533390246211,1.5763900798595,0.688943822602612
"Mb-930","JKI","M. sinensis",1.53693568496383,1.5763900798595,-0.0394543948956683
"Mb-931_12","JKI","M. sinensis",1.8199667598269,1.5763900798595,0.243576679967402
"Mb-933_11","JKI","M. sinensis",1.58507187710333,1.5763900798595,0.00868179724383178
"Mb-935_13","JKI","M. sinensis",1.52925938005883,1.5763900798595,-0.0471306998006682
"Mb-94","JKI","M. sacchariflorus",1.09785050121669,1.66504169285086,-0.567191191634172
"Mb-956_19","JKI","M. sacchariflorus",1.69699125095115,1.66504169285086,0.031949558100288
"Mb-958_19","JKI","M. sacchariflorus",1.92945954786382,1.66504169285086,0.264417855012958
"Mb-960_20","JKI","M. sinensis",1.57068817174907,1.5763900798595,-0.00570190811042837
"Mb-961_16","JKI","M. sacchariflorus",1.64677316279285,1.66504169285086,-0.0182685300580121
"Mb-965_15","JKI","M. sacchariflorus",2.42800624949214,1.66504169285086,0.762964556641278
"Mb-969_18","JKI","M. sacchariflorus",1.89530476499978,1.66504169285086,0.230263072148918
"Mb-974_19","JKI","M. sinensis",1.89596908814658,1.5763900798595,0.319579008287082
"Mb-99","JKI","M. sinensis",2.1699758147861,1.5763900798595,0.593585734926602
"Mx-1548_12","JKI","M. x gig",1.35606493285443,2.43129944580278,-1.07523451294835
"Mx-1915_12","JKI","M. x gig",1.70370884617801,2.43129944580278,-0.72759059962477
"Mx-1932_13","JKI","M. x gig",2.29929822128189,2.43129944580278,-0.132001224520891
"Mx-1933_11","JKI","M. x gig",2.24706632279055,2.43129944580278,-0.18423312301223
"Mx-1956_15","JKI","M. x gig",1.773495080984,2.43129944580278,-0.657804364818781
"Mx-2446_1","JKI","M. x gig",2.11995820407557,2.43129944580278,-0.311341241727211
"Mx-2470_5","JKI","M. sacchariflorus",1.78303069989147,1.66504169285086,0.117989007040608
"Mx-437_90","JKI","M. x gig",2.68743734836912,2.43129944580278,0.256137902566339
