"scheme","rep","fold","overlap","Environment","n","PA","RMSE"
"CV1",1,1,NA,"ABR33",25,0.667612023861629,0.890411066262453
"CV1",1,1,NA,"JKI",25,0.535097517053252,0.618925137706503
"CV1",1,2,NA,"ABR33",25,0.707500826520732,0.896189286785138
"CV1",1,2,NA,"JKI",25,0.526472446804189,0.478671798696215
"CV1",1,3,NA,"ABR33",25,0.447527826866323,0.609631697804817
"CV1",1,3,NA,"JKI",25,0.436351745149362,0.337167745562773
"CV1",1,4,NA,"ABR33",25,0.45807130096694,0.663501030049754
"CV1",1,4,NA,"JKI",25,0.577914969852186,0.488394061933118
"CV1",1,5,NA,"ABR33",25,0.496418116855476,0.753974174613063
"CV1",1,5,NA,"JKI",24,0.568233921477218,0.458063325802365
"CV1",2,1,NA,"ABR33",25,0.733174564722177,0.727426104930272
"CV1",2,1,NA,"JKI",25,0.683067898006272,0.548571395182672
"CV1",2,2,NA,"ABR33",25,0.373158732895403,0.805827534472638
"CV1",2,2,NA,"JKI",24,0.326361510552276,0.50393268740709
"CV1",2,3,NA,"ABR33",25,0.629036112596864,0.906372739370291
"CV1",2,3,NA,"JKI",25,0.652345930828176,0.475490837737943
"CV1",2,4,NA,"ABR33",25,0.500087478466139,0.679355984971475
"CV1",2,4,NA,"JKI",25,0.577003726694628,0.363977836970186
"CV1",2,5,NA,"ABR33",25,0.497113747866528,0.597329056340615
"CV1",2,5,NA,"JKI",25,0.294192528406539,0.494737479741847
"CV1",3,1,NA,"ABR33",25,0.662323610755045,0.584749097813495
"CV1",3,1,NA,"JKI",24,0.512479946857076,0.42390916815501
"CV1",3,2,NA,"ABR33",25,0.533398692802312,0.685255670250819
"CV1",3,2,NA,"JKI",25,0.301974216423089,0.434641758187376
"CV1",3,3,NA,"ABR33",25,0.651231879393109,0.853482927865225
"CV1",3,3,NA,"JKI",25,0.586404232690332,0.597637377471553
"CV1",3,4,NA,"ABR33",25,0.621783505644332,0.926216122720034
"CV1",3,4,NA,"JKI",25,0.62546447751264,0.474984130474295
"CV1",3,5,NA,"ABR33",25,0.436725063783226,0.714977654447644
"CV1",3,5,NA,"JKI",25,0.511584098855649,0.492117070758203
"CV1",4,1,NA,"ABR33",25,0.76916403681862,0.625992224233933
"CV1",4,1,NA,"JKI",24,0.515024448286408,0.534514628453866
"CV1",4,2,NA,"ABR33",25,0.568591736056558,0.775084440449188
"CV1",4,2,NA,"JKI",25,0.44036799687879,0.420005295343873
"CV1",4,3,NA,"ABR33",25,0.460276838500673,0.807368173180382
"CV1",4,3,NA,"JKI",25,0.457298426336296,0.55751754243879
"CV1",4,4,NA,"ABR33",25,0.445570462169115,0.826010453484467
"CV1",4,4,NA,"JKI",25,0.737296549250701,0.433507760778624
"CV1",4,5,NA,"ABR33",25,0.634221983406039,0.751598125005081
"CV1",4,5,NA,"JKI",25,0.581602758693988,0.46263880219347
"CV1",5,1,NA,"ABR33",25,0.622818985812699,0.655858563377863
"CV1",5,1,NA,"JKI",25,0.515273797642908,0.417226960523164
"CV1",5,2,NA,"ABR33",25,0.467739792823979,0.855577838016031
"CV1",5,2,NA,"JKI",25,0.4723048897638,0.535285756455753
"CV1",5,3,NA,"ABR33",25,0.791254539743981,0.691426372556003
"CV1",5,3,NA,"JKI",25,0.522422423730778,0.535966651833768
"CV1",5,4,NA,"ABR33",25,0.558112320506716,0.760873866214104
"CV1",5,4,NA,"JKI",25,0.625114518949948,0.436359215193862
"CV1",5,5,NA,"ABR33",25,0.279019359125657,0.794443199949363
"CV1",5,5,NA,"JKI",24,0.490531722562675,0.462073360656714
"CV1",6,1,NA,"ABR33",25,0.275214335712036,0.98314585992551
"CV1",6,1,NA,"JKI",25,-0.0269627192678233,0.526157252121742
"CV1",6,2,NA,"ABR33",25,0.643488294454058,0.816083799971684
"CV1",6,2,NA,"JKI",25,0.748775256265355,0.427897026148391
"CV1",6,3,NA,"ABR33",25,0.653212935395026,0.594396962951093
"CV1",6,3,NA,"JKI",25,0.507988420224481,0.42926011617494
"CV1",6,4,NA,"ABR33",25,0.581610380599242,0.702472116499211
"CV1",6,4,NA,"JKI",24,0.570856481702373,0.503431168534803
"CV1",6,5,NA,"ABR33",25,0.645968730629779,0.646811105280015
"CV1",6,5,NA,"JKI",25,0.73199650745394,0.542856849198292
"CV1",7,1,NA,"ABR33",25,0.611701876400993,0.921471082667298
"CV1",7,1,NA,"JKI",25,0.84003486093154,0.593807659500662
"CV1",7,2,NA,"ABR33",25,0.464043286750374,0.971056879282896
"CV1",7,2,NA,"JKI",25,0.451557859406537,0.636644392765332
"CV1",7,3,NA,"ABR33",25,0.733083653213823,0.442983133943219
"CV1",7,3,NA,"JKI",24,0.362320782250862,0.384653066440843
"CV1",7,4,NA,"ABR33",25,0.600717076745372,0.609058103490324
"CV1",7,4,NA,"JKI",25,0.366654998347869,0.444206020488699
"CV1",7,5,NA,"ABR33",25,0.558111915934467,0.763840366952098
"CV1",7,5,NA,"JKI",25,0.374482778159372,0.413986416960897
"CV1",8,1,NA,"ABR33",25,0.523504707329448,0.782787334253746
"CV1",8,1,NA,"JKI",25,0.58759540150662,0.39066272700355
"CV1",8,2,NA,"ABR33",25,0.619759174978932,0.745680840323759
"CV1",8,2,NA,"JKI",25,0.527913504461902,0.539882910572619
"CV1",8,3,NA,"ABR33",25,0.598652304549342,0.781204649425439
"CV1",8,3,NA,"JKI",24,0.4662885900014,0.590661129162233
"CV1",8,4,NA,"ABR33",25,0.626663349038773,0.792115063619225
"CV1",8,4,NA,"JKI",25,0.59734499267486,0.374467096227964
"CV1",8,5,NA,"ABR33",25,0.489561356274755,0.648741883905244
"CV1",8,5,NA,"JKI",25,0.596465361189845,0.485486591279108
"CV1",9,1,NA,"ABR33",25,0.665292604361607,0.70668496992133
"CV1",9,1,NA,"JKI",25,0.549157070172243,0.587083909674479
"CV1",9,2,NA,"ABR33",25,0.393846740232494,0.915655751788652
"CV1",9,2,NA,"JKI",25,0.382387416562329,0.434468758772714
"CV1",9,3,NA,"ABR33",25,0.739777718785896,0.711614785880867
"CV1",9,3,NA,"JKI",24,0.585327393889412,0.526209278864759
"CV1",9,4,NA,"ABR33",25,0.567455201508679,0.691510805928174
"CV1",9,4,NA,"JKI",25,0.808405568341475,0.383810609037121
"CV1",9,5,NA,"ABR33",25,0.498561075139769,0.742688129407913
"CV1",9,5,NA,"JKI",25,0.494505766717555,0.525904225315961
"CV1",10,1,NA,"ABR33",25,0.491710854501037,0.880845645521862
"CV1",10,1,NA,"JKI",25,0.634105354888011,0.45494186206619
"CV1",10,2,NA,"ABR33",25,0.644942695348834,0.802092455033136
"CV1",10,2,NA,"JKI",25,0.579977903558173,0.566611725749042
"CV1",10,3,NA,"ABR33",25,0.422483573586815,0.827902501517029
"CV1",10,3,NA,"JKI",25,0.573579510233688,0.408209396322254
"CV1",10,4,NA,"ABR33",25,0.756149212608534,0.624376321341623
"CV1",10,4,NA,"JKI",24,0.397433071510069,0.579723483793462
"CV1",10,5,NA,"ABR33",25,0.552251007677322,0.560087516878114
"CV1",10,5,NA,"JKI",25,0.560460450572624,0.371802053762173
"CV2",1,1,NA,"ABR33",25,0.393350325128694,1.02318380347761
"CV2",1,1,NA,"JKI",20,0.33324620825793,0.463807054307644
"CV2",1,2,NA,"ABR33",28,0.654457882228956,0.617184571224938
"CV2",1,2,NA,"JKI",26,0.565351028083068,0.515325065409041
"CV2",1,3,NA,"ABR33",24,0.645975115927864,0.695683638658662
"CV2",1,3,NA,"JKI",30,0.654839596104482,0.506906997152504
"CV2",1,4,NA,"ABR33",27,0.645373588673246,0.568768609155549
"CV2",1,4,NA,"JKI",16,0.689943200185035,0.510807771823136
"CV2",1,5,NA,"ABR33",20,0.580466836501953,0.792766287696571
"CV2",1,5,NA,"JKI",32,0.429380842206792,0.422803107697081
"CV2",2,1,NA,"ABR33",23,0.220157661442972,0.749447742227245
"CV2",2,1,NA,"JKI",24,0.689517214956231,0.526659858466365
"CV2",2,2,NA,"ABR33",31,0.670170125931086,0.712282666149982
"CV2",2,2,NA,"JKI",23,0.649135328854186,0.473019486459267
"CV2",2,3,NA,"ABR33",34,0.610549960312432,0.81025980214054
"CV2",2,3,NA,"JKI",27,0.55504521814951,0.417144398917884
"CV2",2,4,NA,"ABR33",15,0.852735255455604,0.86222676376719
"CV2",2,4,NA,"JKI",28,0.541547142842519,0.480178465193998
"CV2",2,5,NA,"ABR33",21,0.467280273223026,0.622404997541113
"CV2",2,5,NA,"JKI",22,0.433153125250786,0.574532770413865
"CV2",3,1,NA,"ABR33",27,0.600901307598489,0.516670526593011
"CV2",3,1,NA,"JKI",24,0.322277366931273,0.542697472199157
"CV2",3,2,NA,"ABR33",26,0.277137124137088,0.780776798469646
"CV2",3,2,NA,"JKI",26,0.65770136193169,0.535516971977414
"CV2",3,3,NA,"ABR33",22,0.739398923938289,0.58589324428102
"CV2",3,3,NA,"JKI",31,0.685363282920888,0.471451105047968
"CV2",3,4,NA,"ABR33",27,0.561765153230589,1.00519392001203
"CV2",3,4,NA,"JKI",25,0.413697645101093,0.464168401885686
"CV2",3,5,NA,"ABR33",22,0.700645035769584,0.808772930069803
"CV2",3,5,NA,"JKI",18,0.448163660905661,0.392470482711882
"CV2",4,1,NA,"ABR33",21,0.268883621307573,0.941413860668082
"CV2",4,1,NA,"JKI",26,0.726924991498996,0.56786012160291
"CV2",4,2,NA,"ABR33",24,0.635070007120195,0.704541365207992
"CV2",4,2,NA,"JKI",35,0.455553831749683,0.478371397249219
"CV2",4,3,NA,"ABR33",27,0.538566207879757,0.814922125871096
"CV2",4,3,NA,"JKI",18,0.772193327273252,0.453123338171876
"CV2",4,4,NA,"ABR33",35,0.700772755036495,0.71678883677637
"CV2",4,4,NA,"JKI",19,0.638695711569553,0.331323589442201
"CV2",4,5,NA,"ABR33",17,0.557370999882798,0.517689686464378
"CV2",4,5,NA,"JKI",26,0.34220441794833,0.554985456396977
"CV2",5,1,NA,"ABR33",19,0.574448348560453,0.755238754894001
"CV2",5,1,NA,"JKI",34,0.682019798678769,0.463782596028731
"CV2",5,2,NA,"ABR33",35,0.405661226720278,0.861716414630741
"CV2",5,2,NA,"JKI",27,0.53519878249504,0.506703643513046
"CV2",5,3,NA,"ABR33",26,0.720169057871082,0.649364210100658
"CV2",5,3,NA,"JKI",22,0.691375342335836,0.434628123477341
"CV2",5,4,NA,"ABR33",21,0.740320930337458,0.576849269817312
"CV2",5,4,NA,"JKI",26,0.500404162445613,0.471557026567411
"CV2",5,5,NA,"ABR33",23,0.510247933777335,0.806252977915557
"CV2",5,5,NA,"JKI",15,0.0383916033464355,0.589092287212052
"CV2",6,1,NA,"ABR33",23,0.677379664430543,0.509991506038305
"CV2",6,1,NA,"JKI",25,0.133949059430384,0.562183837637261
"CV2",6,2,NA,"ABR33",21,0.432686464454794,0.794125538740315
"CV2",6,2,NA,"JKI",30,0.695873601585552,0.421689840200986
"CV2",6,3,NA,"ABR33",29,0.568322142671832,0.836820095648554
"CV2",6,3,NA,"JKI",20,0.647367389515775,0.501649516758586
"CV2",6,4,NA,"ABR33",33,0.771169263151984,0.737544461341166
"CV2",6,4,NA,"JKI",21,0.501828885157768,0.533687547327584
"CV2",6,5,NA,"ABR33",18,0.219457328862025,0.921472834438474
"CV2",6,5,NA,"JKI",28,0.64049931372819,0.413732477158853
"CV2",7,1,NA,"ABR33",28,0.589245818864304,0.774235550671069
"CV2",7,1,NA,"JKI",26,0.676897644737508,0.550665219086928
"CV2",7,2,NA,"ABR33",22,0.636322665281739,1.01203459156102
"CV2",7,2,NA,"JKI",25,0.690426434987034,0.41102725379784
"CV2",7,3,NA,"ABR33",20,0.712468978606327,0.705387858737112
"CV2",7,3,NA,"JKI",28,0.239996386548877,0.568992206214004
"CV2",7,4,NA,"ABR33",29,0.160997925545871,0.72075013239348
"CV2",7,4,NA,"JKI",22,0.6025526846457,0.511668080099191
"CV2",7,5,NA,"ABR33",25,0.586502948602488,0.583811749806364
"CV2",7,5,NA,"JKI",23,0.198181512374801,0.374927245849518
"CV2",8,1,NA,"ABR33",21,0.564986060628281,0.757161078850365
"CV2",8,1,NA,"JKI",23,0.423587832718615,0.455778323295604
"CV2",8,2,NA,"ABR33",31,0.656135938275008,0.99589881245327
"CV2",8,2,NA,"JKI",22,0.425048084471855,0.428432173203908
"CV2",8,3,NA,"ABR33",26,0.507399752283411,0.618528069827524
"CV2",8,3,NA,"JKI",23,0.559045852599418,0.465440744021465
"CV2",8,4,NA,"ABR33",24,0.36730169798342,0.571894150693034
"CV2",8,4,NA,"JKI",34,0.590490497050009,0.526061110740059
"CV2",8,5,NA,"ABR33",22,0.408245682237794,0.887006961001279
"CV2",8,5,NA,"JKI",22,0.605612387297964,0.523017108836822
"CV2",9,1,NA,"ABR33",28,0.557153347436872,0.593464966122253
"CV2",9,1,NA,"JKI",22,0.554005797075142,0.570258617345207
"CV2",9,2,NA,"ABR33",16,0.528343204363068,1.09688091248055
"CV2",9,2,NA,"JKI",34,0.694907775988686,0.38346809578262
"CV2",9,3,NA,"ABR33",19,0.490745952486885,0.890375140657344
"CV2",9,3,NA,"JKI",24,0.654154801876995,0.586352033684551
"CV2",9,4,NA,"ABR33",33,0.670498561442587,0.777765178386343
"CV2",9,4,NA,"JKI",27,0.286636211092784,0.547545459920607
"CV2",9,5,NA,"ABR33",28,0.505357616678288,0.586396055096706
"CV2",9,5,NA,"JKI",17,0.522686773726913,0.335488627733079
"CV2",10,1,NA,"ABR33",16,0.639556814679299,0.981550561395482
"CV2",10,1,NA,"JKI",31,0.412011693225578,0.478286928789125
"CV2",10,2,NA,"ABR33",21,0.773436266624486,0.511215046538876
"CV2",10,2,NA,"JKI",25,0.630006381496692,0.485141355605646
"CV2",10,3,NA,"ABR33",31,0.59572033461983,0.650026129845789
"CV2",10,3,NA,"JKI",22,0.43136483280283,0.544657329426186
"CV2",10,4,NA,"ABR33",27,0.578979883869568,0.842629295123283
"CV2",10,4,NA,"JKI",26,0.527138842548057,0.463639650773593
"CV2",10,5,NA,"ABR33",29,0.307161904989877,0.787704706993756
"CV2",10,5,NA,"JKI",20,0.61312828888747,0.435684118011067
"Sparse25",1,1,0,"ABR33",100,0.582086981507413,0.798827690689508
"Sparse25",1,1,0,"JKI",99,0.506241217496246,0.52325906797857
"Sparse25",1,1,5,"ABR33",100,0.513047143630665,0.784540826672516
"Sparse25",1,1,5,"JKI",99,0.517681430926952,0.521603863393921
"Sparse25",1,1,10,"ABR33",100,0.547013677043309,0.880266543577972
"Sparse25",1,1,10,"JKI",99,0.516668964835943,0.468917592907765
"Sparse25",1,1,15,"ABR33",100,0.573681008222969,0.777900195162002
"Sparse25",1,1,15,"JKI",99,0.570725807086442,0.605234816904218
"Sparse25",1,1,20,"ABR33",100,0.566971065736127,0.781685861253169
"Sparse25",1,1,20,"JKI",99,0.57149654687213,0.53345474161441
"Sparse25",1,1,25,"ABR33",100,0.547827744955248,0.796721740000133
"Sparse25",1,1,25,"JKI",99,0.544154406746811,0.477815451420076
"Sparse25",2,1,0,"ABR33",100,0.497999082853311,1.0096360600927
"Sparse25",2,1,0,"JKI",99,0.515144585602149,0.502525090333866
"Sparse25",2,1,5,"ABR33",100,0.539869564018194,0.803276188100469
"Sparse25",2,1,5,"JKI",99,0.537857954832218,0.507617596199908
"Sparse25",2,1,10,"ABR33",100,0.511613633679544,0.859374879993853
"Sparse25",2,1,10,"JKI",99,0.00877655844900393,0.60651528719256
"Sparse25",2,1,15,"ABR33",100,0.544149355229095,0.855107016447067
"Sparse25",2,1,15,"JKI",99,0.526421218532787,0.498622812884084
"Sparse25",2,1,20,"ABR33",100,0.579178593100657,0.749190434274352
"Sparse25",2,1,20,"JKI",99,0.511681052457045,0.54800159919341
"Sparse25",2,1,25,"ABR33",100,0.479714738966751,0.974736156139261
"Sparse25",2,1,25,"JKI",99,0.518683177895242,0.551699317139474
"Sparse25",3,1,0,"ABR33",100,0.556246765310935,0.831889917616095
"Sparse25",3,1,0,"JKI",99,0.532069932481427,0.538299300975287
"Sparse25",3,1,5,"ABR33",100,0.512807685380381,0.807398636751499
"Sparse25",3,1,5,"JKI",99,0.499331113249061,0.498585580172163
"Sparse25",3,1,10,"ABR33",100,0.540339696871068,0.793920769167343
"Sparse25",3,1,10,"JKI",99,0.428634287111811,0.512061817444378
"Sparse25",3,1,15,"ABR33",100,0.593153613888089,0.770062257872543
"Sparse25",3,1,15,"JKI",99,0.599237420115978,0.525055402271422
"Sparse25",3,1,20,"ABR33",100,0.526945436254227,0.771892772153834
"Sparse25",3,1,20,"JKI",99,0.50442156484767,0.498666249014728
"Sparse25",3,1,25,"ABR33",100,0.553898706336244,0.829418944701392
"Sparse25",3,1,25,"JKI",99,0.551356478770843,0.486680408823835
"Sparse25",4,1,0,"ABR33",100,0.573086298089787,0.748605501713183
"Sparse25",4,1,0,"JKI",99,0.545510602106608,0.484782689097445
"Sparse25",4,1,5,"ABR33",100,0.548207710176904,0.855483617088876
"Sparse25",4,1,5,"JKI",99,0.533175080015556,0.457811236296454
"Sparse25",4,1,10,"ABR33",100,0.549207841389548,0.822255906780731
"Sparse25",4,1,10,"JKI",99,0.537358387115033,0.479478100295897
"Sparse25",4,1,15,"ABR33",100,0.548021260552168,0.796170134897069
"Sparse25",4,1,15,"JKI",99,0.535736537894492,0.501397981214046
"Sparse25",4,1,20,"ABR33",100,0.503734754764858,0.826435376157517
"Sparse25",4,1,20,"JKI",99,0.527784859538859,0.538798003373712
"Sparse25",4,1,25,"ABR33",100,0.577402724651487,0.853302011604524
"Sparse25",4,1,25,"JKI",99,0.551997241066577,0.499048077681974
"Sparse25",5,1,0,"ABR33",100,0.603781160483598,0.720182762476439
"Sparse25",5,1,0,"JKI",99,0.536261908661021,0.492682179066675
"Sparse25",5,1,5,"ABR33",100,0.584449150741527,0.693652570626521
"Sparse25",5,1,5,"JKI",99,0.382780559243179,0.546035028529017
"Sparse25",5,1,10,"ABR33",100,0.527639489289942,0.72629356043717
"Sparse25",5,1,10,"JKI",99,0.55224512643996,0.530460305743613
"Sparse25",5,1,15,"ABR33",100,0.478465027213578,0.792803784734879
"Sparse25",5,1,15,"JKI",99,0.47141619073595,0.489828263113089
"Sparse25",5,1,20,"ABR33",100,0.558774975013337,0.816687228050838
"Sparse25",5,1,20,"JKI",99,0.52642466209213,0.532803625949386
"Sparse25",5,1,25,"ABR33",100,0.601102943370829,0.732042388205461
"Sparse25",5,1,25,"JKI",99,0.487478738402813,0.475043229215405
"Sparse25",6,1,0,"ABR33",100,0.554180000694746,0.828772194045631
"Sparse25",6,1,0,"JKI",99,0.565954547454153,0.448432130950556
"Sparse25",6,1,5,"ABR33",100,0.476973064436892,0.831991024500681
"Sparse25",6,1,5,"JKI",99,0.526252944091535,0.507473718232789
"Sparse25",6,1,10,"ABR33",100,0.272671228317316,0.940660260336075
"Sparse25",6,1,10,"JKI",99,0.517130109798938,0.518808123074536
"Sparse25",6,1,15,"ABR33",100,0.537468025512998,0.773095607757283
"Sparse25",6,1,15,"JKI",99,0.538630134686638,0.494465655103646
"Sparse25",6,1,20,"ABR33",100,0.548506175185834,0.742687680032246
"Sparse25",6,1,20,"JKI",99,0.53683754014737,0.536148691634422
"Sparse25",6,1,25,"ABR33",100,0.537757392056164,0.811397547072012
"Sparse25",6,1,25,"JKI",99,0.536815867229548,0.483157062521289
"Sparse25",7,1,0,"ABR33",100,0.567248733847342,0.756470915885821
"Sparse25",7,1,0,"JKI",99,0.499116536933804,0.529270251197357
"Sparse25",7,1,5,"ABR33",100,0.616035197571248,0.779107418007819
"Sparse25",7,1,5,"JKI",99,0.538179768343962,0.472586386369428
"Sparse25",7,1,10,"ABR33",100,0.591470234201842,0.711215281613336
"Sparse25",7,1,10,"JKI",99,0.480779676234043,0.542735380412914
"Sparse25",7,1,15,"ABR33",100,0.558337852051165,0.871369848718522
"Sparse25",7,1,15,"JKI",99,0.448248347694455,0.570222225903467
"Sparse25",7,1,20,"ABR33",100,0.603139309519554,0.696203551573933
"Sparse25",7,1,20,"JKI",99,0.53812848503106,0.466245356432766
"Sparse25",7,1,25,"ABR33",100,0.509938262454966,0.783093894751196
"Sparse25",7,1,25,"JKI",99,0.469256435837334,0.543060382602061
"Sparse25",8,1,0,"ABR33",100,0.571736554924644,0.700070430770548
"Sparse25",8,1,0,"JKI",99,0.510826639692318,0.482415694643912
"Sparse25",8,1,5,"ABR33",100,0.576638199612866,0.718489643553938
"Sparse25",8,1,5,"JKI",99,0.515340086464407,0.490095541781131
"Sparse25",8,1,10,"ABR33",100,0.554912958278639,0.74426512575917
"Sparse25",8,1,10,"JKI",99,0.589790709293493,0.518653538083869
"Sparse25",8,1,15,"ABR33",100,0.596260268463899,0.797014948470747
"Sparse25",8,1,15,"JKI",99,0.505193415424598,0.515967997909023
"Sparse25",8,1,20,"ABR33",100,0.580064335587702,0.746020744900072
"Sparse25",8,1,20,"JKI",99,0.578939490066757,0.456055030218987
"Sparse25",8,1,25,"ABR33",100,0.568098852076171,0.766939008278104
"Sparse25",8,1,25,"JKI",99,0.503711235282892,0.496029203518035
"Sparse25",9,1,0,"ABR33",100,0.525433269973034,0.814851848910908
"Sparse25",9,1,0,"JKI",99,0.559586693224959,0.521135780708112
"Sparse25",9,1,5,"ABR33",100,0.512939352362562,0.797961545765441
"Sparse25",9,1,5,"JKI",99,0.586863481944109,0.523184999755101
"Sparse25",9,1,10,"ABR33",100,0.53319534533241,0.913700647816354
"Sparse25",9,1,10,"JKI",99,0.554339255857919,0.504835458027358
"Sparse25",9,1,15,"ABR33",100,0.563311300091267,0.76367223679745
"Sparse25",9,1,15,"JKI",99,0.535088990152377,0.488111763286701
"Sparse25",9,1,20,"ABR33",100,0.56390091862365,0.719987387374821
"Sparse25",9,1,20,"JKI",99,0.5689733947836,0.463008504593611
"Sparse25",9,1,25,"ABR33",100,0.542894285643308,0.800310501128628
"Sparse25",9,1,25,"JKI",99,0.464959743082919,0.555050780158268
"Sparse25",10,1,0,"ABR33",100,0.476285965420005,0.837826708942096
"Sparse25",10,1,0,"JKI",99,0.506140360616545,0.503514918274307
"Sparse25",10,1,5,"ABR33",100,0.557450539045944,0.737263250920316
"Sparse25",10,1,5,"JKI",99,0.534501990423656,0.531563104902989
"Sparse25",10,1,10,"ABR33",100,0.53543841095954,0.746647164466856
"Sparse25",10,1,10,"JKI",99,0.52870878974639,0.497718155950143
"Sparse25",10,1,15,"ABR33",100,0.592785054494332,0.737648698867132
"Sparse25",10,1,15,"JKI",99,0.543518034653773,0.492596655379022
"Sparse25",10,1,20,"ABR33",100,0.499818660521915,0.873222179361931
"Sparse25",10,1,20,"JKI",99,0.54373465062195,0.536051901989427
"Sparse25",10,1,25,"ABR33",100,0.537887233378573,0.765333424131855
"Sparse25",10,1,25,"JKI",99,0.536847603266864,0.513555227841377
